Paragraph,Titel,Anchor,Absatz,Text
1,Aufgaben der Ordnungsbehörden und der Polizei,P1-A1,1,"Die Ordnungsbehörden und die Polizei haben die Aufgabe, Gefahren für die öffentliche Sicherheit oder Ordnung abzuwehren (Gefahrenabwehr). Sie haben im Rahmen dieser Aufgabe auch die erforderlichen Vorbereitungen für die Hilfeleistung und das Handeln in Gefahrenfällen zu treffen."
1,Aufgaben der Ordnungsbehörden und der Polizei,P1-A2,2,"Die Ordnungsbehörden und die Polizei haben ferner die Aufgaben zu erfüllen, die ihnen durch andere Rechtsvorschriften übertragen sind."
1,Aufgaben der Ordnungsbehörden und der Polizei,P1-A3,3,Die Polizei hat im Rahmen der Gefahrenabwehr auch Straftaten zu verhüten sowie für die Verfolgung von Straftaten vorzusorgen (vorbeugende Bekämpfung von Straftaten).
1,Aufgaben der Ordnungsbehörden und der Polizei,P1-A4,4,"Der Schutz privater Rechte obliegt der Polizei nach diesem Gesetz nur dann, wenn gerichtlicher Schutz nicht rechtzeitig zu erlangen ist und wenn ohne polizeiliche Hilfe die Verwirklichung des Rechts vereitelt oder wesentlich erschwert würde."
1,Aufgaben der Ordnungsbehörden und der Polizei,P1-A5,5,Die Polizei leistet anderen Behörden und sonstigen öffentlichen Stellen Vollzugshilfe (§§ 52 bis 54).
2,Sachliche Zuständigkeit der Ordnungsbehörden; Verordnungsermächtigung,P2-A1,1,Für die Gefahrenabwehr sind die Ordnungsbehörden zuständig (Ordnungsaufgaben).
2,Sachliche Zuständigkeit der Ordnungsbehörden; Verordnungsermächtigung,P2-A2,2,Ordnungsbehörden sind die Senatsverwaltungen und die Bezirksämter.
2,Sachliche Zuständigkeit der Ordnungsbehörden; Verordnungsermächtigung,P2-A3,3,"Nachgeordnete Ordnungsbehörden sind die Sonderbehörden der Hauptverwaltung, die für Ordnungsaufgaben zuständig sind."
2,Sachliche Zuständigkeit der Ordnungsbehörden; Verordnungsermächtigung,P2-A4,4,Die Zuständigkeit der Ordnungsbehörden wird im Einzelnen durch die Anlage zu diesem Gesetz (Zuständigkeitskatalog Ordnungsaufgaben) bestimmt. Im Vorgriff auf eine Katalogänderung kann der Senat durch Rechtsverordnung einzelne der Hauptverwaltung vorbehaltene Ordnungsaufgaben den Bezirken zuweisen.
2,Sachliche Zuständigkeit der Ordnungsbehörden; Verordnungsermächtigung,P2-A5,5,Bei Gefahr im Verzug kann die zuständige Senatsverwaltung die Befugnisse einer nachgeordneten Ordnungsbehörde wahrnehmen.
2,Sachliche Zuständigkeit der Ordnungsbehörden; Verordnungsermächtigung,P2-A6,6,"Der Senat kann durch Rechtsverordnung bestimmen, dass die den bezirklichen Ordnungsbehörden durch dieses Gesetz und andere Gesetze zugewiesenen Aufgaben und Befugnisse für die Dienstkräfte im Außendienst einheitlich geregelt und beschränkt werden. Durch die Rechtsverordnung können unterschiedliche Regelungen für Dienstkräfte im Parkraumüberwachungsdienst, für Dienstkräfte im Rahmen des Verkehrsüberwachungsdienstes und für Dienstkräfte im Rahmen des allgemeinen Ordnungsdienstes getroffen werden. Durch die Rechtsverordnung ist ferner die Ausrüstung der Dienstkräfte entsprechend den ihnen zugewiesenen Aufgaben und Befugnissen einheitlich zu regeln. In der Rechtsverordnung ist der Gebrauch bestimmter Ausrüstungsgegenstände für Notwehr und Nothilfe auf Grund des § 32 des Strafgesetzbuches und des § 227 des Bürgerlichen Gesetzbuches für die Dienstkräfte im Rahmen des Verkehrsüberwachungsdienstes sowie die Dienstkräfte im Rahmen des allgemeinen Ordnungsdienstes der bezirklichen Ordnungsämter zu begrenzen."
3,Hilfszuständigkeit der Berliner Feuerwehr,P3-A1,1,"Die Berliner Feuerwehr wird im Rahmen der Gefahrenabwehr hilfsweise tätig, soweit im Zusammenhang mit den ihr obliegenden Aufgaben eine Gefahr abzuwehren ist, deren Abwehr durch eine andere Behörde nicht oder nicht rechtzeitig möglich erscheint. Sie unterrichtet die zuständige Behörde unverzüglich von allen diese betreffenden Vorgängen; § 44 bleibt unberührt."
3,Hilfszuständigkeit der Berliner Feuerwehr,P3-A2,2,Die Berliner Feuerwehr leistet anderen Behörden und sonstigen öffentlichen Stellen Vollzugshilfe (§§ 52 bis 54).
4,Verhältnis der Polizei zu den Ordnungsbehörden,P4-A1,1,"Die Polizei wird im Rahmen der Gefahrenabwehr mit Ausnahme der Fälle des § 1 Abs. 1 Satz 2 und Abs. 3 in eigener Zuständigkeit nur tätig, soweit die Abwehr der Gefahr durch eine andere Behörde nicht oder nicht rechtzeitig möglich erscheint. Sie unterrichtet die zuständige Behörde unverzüglich von allen diese betreffenden Vorgängen; § 44 bleibt unberührt."
4,Verhältnis der Polizei zu den Ordnungsbehörden,P4-A2,2,Die Bezirksämter stellen der Polizei Berlin auf deren Ersuchen im Wege der Amtshilfe die ihnen zugeordneten Dienstkräfte im Verkehrsüberwachungsdienst zur Verfügung. Die Dienstkräfte werden hierbei im Rahmen der ihnen allgemein eingeräumten Befugnisse tätig.
5,Dienstkräfte der Polizei; Verordnungsermächtigung,P5-A1,1,Polizei im Sinne dieses Gesetzes ist die Polizei Berlin.
5,Dienstkräfte der Polizei; Verordnungsermächtigung,P5-A2,2,"Mit der Wahrnehmung bestimmter polizeilicher Aufgaben kann der Senat durch Rechtsverordnung Dienstkräfte der Polizei, die nicht Polizeivollzugsbeamte sind, betrauen, soweit dafür ein Bedürfnis besteht. Die Rechtsverordnung bestimmt die ihnen zur Erfüllung ihrer Aufgaben zugewiesenen polizeilichen Befugnisse."
5,Dienstkräfte der Polizei; Verordnungsermächtigung,P5-A3,3,"Der Senat kann sonstigen Personen durch Rechtsverordnung bestimmte polizeiliche Befugnisse nur übertragen, wenn sie damit einverstanden sind und ihre Heranziehung zu polizeilichen Aufgaben gesetzlich vorgesehen ist."
5a,Legitimations- und Kennzeichnungspflicht,P5a-A1,1,"Auf Verlangen der von einer polizeilichen Maßnahme betroffenen Person haben sich Polizeidienstkräfte auszuweisen, soweit der Zweck der Maßnahme dadurch nicht beeinträchtigt wird."
5a,Legitimations- und Kennzeichnungspflicht,P5a-A2,2,"Polizeidienstkräfte der Polizei Berlin in Dienstkleidung tragen bei Amtshandlungen nach ihrer Wahl ein Schild mit dem Familiennamen oder ein Schild mit einer fünfstelligen Dienstnummer, die nicht mit der Personalnummer identisch ist. Dienstkräfte, die in Einsatzeinheiten tätig sind, tragen anstatt des Namens- oder Dienstnummernschildes eine taktische Kennzeichnung, die bestehend aus Buchstaben und Ziffernfolge geeignet ist, eine nachträgliche Identifizierung zu ermöglichen. Die Kennzeichnungspflicht nach den Sätzen 1 und 2 besteht nicht, wenn eine nachträgliche Identifizierbarkeit der Dienstkräfte auf anderem Wege gewährleistet oder diese im Hinblick auf die Amtshandlung nicht erforderlich ist."
5a,Legitimations- und Kennzeichnungspflicht,P5a-A3,3,"Bei der Vergabe der Dienstnummern und der taktischen Kennzeichnungen werden diesen jeweils die personenbezogenen Daten der Polizeidienstkräfte fest zugeordnet und gespeichert. Zweck der Verarbeitung personenbezogener Daten ist die Sicherstellung einer nachträglichen Identifizierung der Dienstkräfte, wenn tatsächliche Anhaltspunkte die Annahme rechtfertigen, dass bei der Durchführung einer Amtshandlung eine strafbare Handlung oder eine nicht unerhebliche Pflichtverletzung begangen worden ist und die Identifizierung auf andere Weise nicht oder nur unter erheblichen Schwierigkeiten möglich ist."
5a,Legitimations- und Kennzeichnungspflicht,P5a-A4,4,"Die personenbezogenen Daten sind ein Jahr nach Beendigung der Nutzung der Dienstnummer oder taktischen Kennzeichnung zu löschen, sofern ihre Speicherung nicht für den Erhebungszweck weiterhin erforderlich ist. § 44 Absatz 3 und 4 des Berliner Datenschutzgesetzes findet Anwendung."
5a,Legitimations- und Kennzeichnungspflicht,P5a-A5,5,"Die für Inneres zuständige Senatsverwaltung kann Näheres hinsichtlich Inhalt, Umfang und Ausnahmen der Kennzeichnungspflicht durch Ausführungsvorschriften regeln."
6,Örtliche Zuständigkeit der Polizei,P6-A1,,"Die Dienstkräfte der Polizei sind befugt, Amtshandlungen im gesamten Land Berlin vorzunehmen."
7,Amtshandlungen von Polizeidienstkräften außerhalb des Landes Berlin,P7-A1,1,"Polizeidienstkräfte des Landes Berlin dürfen im Zuständigkeitsbereich eines anderen Landes oder des Bundes nur in den Fällen des § 8 Abs. 1 und des Artikels 91 Abs. 2 des Grundgesetzes und nur dann tätig werden, wenn das jeweilige Landesrecht oder das Bundesrecht es vorsieht. Außerhalb der Bundesrepublik Deutschland dürfen Polizeidienstkräfte des Landes Berlin im Zuständigkeitsbereich eines anderen Staates Amtshandlungen vornehmen, soweit völkerrechtliche Verträge oder Rechtsakte der Europäischen Union dies vorsehen, oder soweit die für Inneres zuständige Senatsverwaltung im Einvernehmen mit den zuständigen Stellen des anderen Staates einer Tätigkeit von Berliner Polizeidienstkräften im Ausland allgemein oder im Einzelfall zustimmt."
7,Amtshandlungen von Polizeidienstkräften außerhalb des Landes Berlin,P7-A2,2,"Einer Anforderung von Polizeidienstkräften durch ein anderes Land oder den Bund ist zu entsprechen, soweit nicht die Verwendung der Polizei im eigenen Lande dringender ist als die Unterstützung der Polizei des anderen Landes oder des Bundes, sofern die Anforderung alle für die Entscheidung wesentlichen Merkmale des Einsatzauftrages enthält."
8,"Amtshandlungen von Polizeidienstkräften anderer Länder, des Bundes sowie ausländischer Staaten in Berlin",P8-A1,1,Polizeidienstkräfte eines anderen Landes oder des Bundes können im Land Berlin Amtshandlungen vornehmen
8,"Amtshandlungen von Polizeidienstkräften anderer Länder, des Bundes sowie ausländischer Staaten in Berlin",,,"auf Anforderung oder mit Zustimmung der Polizei Berlin,"
8,"Amtshandlungen von Polizeidienstkräften anderer Länder, des Bundes sowie ausländischer Staaten in Berlin",,,"in den Fällen des Artikels 35 Abs. 2 und 3 und des Artikels 91 Abs. 1 des Grundgesetzes,"
8,"Amtshandlungen von Polizeidienstkräften anderer Länder, des Bundes sowie ausländischer Staaten in Berlin",,,"zur Abwehr einer gegenwärtigen erheblichen Gefahr, zur Verfolgung von Straftaten auf frischer Tat sowie zur Verfolgung und Wiederergreifung Entwichener, wenn die Polizei die erforderlichen Maßnahmen nicht rechtzeitig treffen kann,"
8,"Amtshandlungen von Polizeidienstkräften anderer Länder, des Bundes sowie ausländischer Staaten in Berlin",,,"zur Erfüllung polizeilicher Aufgaben bei Gefangenentransporten,"
8,"Amtshandlungen von Polizeidienstkräften anderer Länder, des Bundes sowie ausländischer Staaten in Berlin",,,zur Verfolgung von Straftaten und Ordnungswidrigkeiten und zur Gefahrenabwehr in den in Verwaltungsabkommen mit anderen Ländern oder mit dem Bund geregelten Fällen.
8,"Amtshandlungen von Polizeidienstkräften anderer Länder, des Bundes sowie ausländischer Staaten in Berlin",P8-A1-S2,,In den Fällen der Nummern 3 bis 5 ist die Polizei Berlin unverzüglich zu unterrichten.
8,"Amtshandlungen von Polizeidienstkräften anderer Länder, des Bundes sowie ausländischer Staaten in Berlin",P8-A2,2,"Werden Polizeidienstkräfte eines anderen Landes oder des Bundes nach Absatz 1 tätig, haben sie die gleichen Befugnisse wie die des Landes Berlin. Ihre Maßnahmen gelten als Maßnahmen der Polizei Berlin; sie unterliegen insoweit deren Weisungen."
8,"Amtshandlungen von Polizeidienstkräften anderer Länder, des Bundes sowie ausländischer Staaten in Berlin",P8-A3,3,"Die Absätze 1 und 2 gelten entsprechend für Zollbedienstete in den Vollzugsbereichen der Zollverwaltung im Sinne von § 10a Absatz 1 des Zollverwaltungsgesetzes vom 21. Dezember 1992 (BGBl. I S. 2125; 1993 I S. 2493), das zuletzt durch Artikel 210 der Verordnung vom 19. Juni 2020 (BGBl. I S. 1328) geändert worden ist, und für Bedienstete ausländischer Staaten mit polizeilichen Aufgaben, soweit völkerrechtliche Verträge oder Rechtsakte der Europäischen Union dies vorsehen oder die für Inneres zuständige Senatsverwaltung Amtshandlungen dieser Bediensteten allgemein oder im Einzelfall zustimmt."
9,Aufsichtsbehörden; Eingriffsrecht,P9-A1,1,Die Dienst- und Fachaufsicht über die nachgeordneten Ordnungsbehörden führen die Senatsverwaltungen innerhalb ihrer Zuständigkeitsbereiche. Die Vorschriften der §§ 21 bis 23 des Landesorganisationsgesetzes gelten auch für Ordnungsaufgaben der Bezirksverwaltungen. Dies gilt ebenso für § 17a des Ausführungsgesetzes zum Baugesetzbuch in der jeweils geltenden Fassung.
9,Aufsichtsbehörden; Eingriffsrecht,P9-A2,2,"Die Dienst- und Fachaufsicht über das Landesamt für Bürger- und Ordnungsangelegenheiten, das Landesamt für Einwanderung und die Polizei führt die für Inneres zuständige Senatsverwaltung; soweit dem Landesamt für Bürger- und Ordnungsangelegenheiten und der Polizei nach § 2 Absatz 4 Ordnungsaufgaben zugewiesen sind, führen die Senatsverwaltungen die Fachaufsicht innerhalb ihrer Zuständigkeitsbereiche."
9,Aufsichtsbehörden; Eingriffsrecht,P9-A3,3,Die Aufsichtsbehörden können innerhalb ihrer Zuständigkeitsbereiche Verwaltungsvorschriften erlassen.
9,Aufsichtsbehörden; Eingriffsrecht,P9-A4,4,Bei bezirklichen Ordnungsaufgaben des Einwohnerwesens kann auch das Landesamt für Bürger- und Ordnungsangelegenheiten einen Eingriff nach § 23 Absatz 1 und 2 des Landesorganisationsgesetzes vornehmen.
10,Informationspflicht; Fachaufsicht,P10-A1,1,"Ordnungsbehörden, nachgeordnete Ordnungsbehörden, Polizei und zuständige Aufsichtsbehörden unterrichten sich gegenseitig von allen wichtigen Wahrnehmungen auf dem Gebiet der Gefahrenabwehr (Informationspflicht)."
10,Informationspflicht; Fachaufsicht,P10-A2,2,Die Fachaufsicht erstreckt sich auf die recht- und ordnungsmäßige Erledigung der Aufgaben der nachgeordneten Ordnungsbehörden und der Polizei und auf die zweckentsprechende Handhabung des Verwaltungsermessens.
10,Informationspflicht; Fachaufsicht,P10-A3,3,In Ausübung der Fachaufsicht kann die Aufsichtsbehörde
10,Informationspflicht; Fachaufsicht,,,"Auskünfte, Berichte, die Vorlage von Akten und sonstigen Unterlagen fordern und Prüfungen anordnen (Informationsrecht),"
10,Informationspflicht; Fachaufsicht,,,"Einzelweisungen erteilen (Weisungsrecht),"
10,Informationspflicht; Fachaufsicht,,,"eine Angelegenheit an sich ziehen, wenn eine erteilte Einzelweisung nicht befolgt wird (Eintrittsrecht);"
10,Informationspflicht; Fachaufsicht,,,"die Kosten für Aufsichtsmaßnahmen, die über die allgemeinen Verwaltungskosten hinausgehen, der pflichtigen Behörde auferlegen."
11,Grundsatz der Verhältnismäßigkeit,P11-A1,1,"Von mehreren möglichen und geeigneten Maßnahmen haben die Ordnungsbehörden und die Polizei diejenige zu treffen, die den Einzelnen und die Allgemeinheit voraussichtlich am wenigsten beeinträchtigt."
11,Grundsatz der Verhältnismäßigkeit,P11-A2,2,"Eine Maßnahme darf nicht zu einem Nachteil führen, der zu dem erstrebten Erfolg erkennbar außer Verhältnis steht."
11,Grundsatz der Verhältnismäßigkeit,P11-A3,3,"Eine Maßnahme ist nur solange zulässig, bis ihr Zweck erreicht ist oder sich zeigt, dass er nicht erreicht werden kann."
12,Ermessen; Wahl der Mittel und der Adressaten,P12-A1,1,Die Ordnungsbehörden und die Polizei treffen ihre Maßnahmen nach pflichtgemäßem Ermessen.
12,Ermessen; Wahl der Mittel und der Adressaten,P12-A2,2,"Kommen zur Abwehr einer Gefahr mehrere Mittel in Betracht, so genügt es, wenn eines davon bestimmt wird. Der betroffenen Person ist auf Antrag zu gestatten, ein anderes ebenso wirksames Mittel anzuwenden, sofern die Allgemeinheit dadurch nicht stärker beeinträchtigt wird."
12,Ermessen; Wahl der Mittel und der Adressaten,P12-A3,3,"Die Auswahl der von einer Maßnahme betroffenen Person anhand gruppenbezogener Merkmale im Sinne von Artikel 3 Absatz 3 des Grundgesetzes, Artikel 10 Absatz 2 der Verfassung von Berlin und § 2 des Landesantidiskriminierungsgesetzes ohne hinreichenden sachlichen, durch den Zweck der jeweiligen Maßnahme gerechtfertigten Grund ist unzulässig."
13,Verantwortlichkeit für das Verhalten einer Person,P13-A1,1,"Verursacht eine Person eine Gefahr, so sind die Maßnahmen gegen diese Person zu richten."
13,Verantwortlichkeit für das Verhalten einer Person,P13-A2,2,"Ist diese Person noch nicht 14 Jahre alt, so können die Maßnahmen auch gegen die Person gerichtet werden, die zur Aufsicht über sie verpflichtet ist. Ist für die Person ein Betreuer bestellt, so können die Maßnahmen auch gegen den Betreuer im Rahmen seines Aufgabenbereichs gerichtet werden."
13,Verantwortlichkeit für das Verhalten einer Person,P13-A3,3,"Verursacht eine Person, die zu einer Verrichtung bestellt ist, die Gefahr in Ausübung der Verrichtung, so können Maßnahmen auch gegen die Person gerichtet werden, die die andere Person zu der Verrichtung bestellt hat."
13,Verantwortlichkeit für das Verhalten einer Person,P13-A4,4,"Die Absätze 1 bis 3 sind nicht anzuwenden, soweit andere Vorschriften dieses Gesetzes oder andere Rechtsvorschriften abschließend bestimmen, gegen wen eine Maßnahme zu richten ist."
14,Verantwortlichkeit für Tiere oder den Zustand einer Sache,P14-A1,1,"Geht von einem Tier oder von einer Sache eine Gefahr aus, so sind die Maßnahmen gegen den Inhaber der tatsächlichen Gewalt zu richten."
14,Verantwortlichkeit für Tiere oder den Zustand einer Sache,P14-A2,2,"Die Vorschriften dieses Gesetzes, die sich auf Sachen beziehen, sind auch auf Tiere anzuwenden."
14,Verantwortlichkeit für Tiere oder den Zustand einer Sache,P14-A3,3,"Maßnahmen können auch gegen den Eigentümer oder einen anderen Berechtigten gerichtet werden. Das gilt nicht, wenn der Inhaber der tatsächlichen Gewalt sie ohne den Willen des Eigentümers oder Berechtigten ausübt."
14,Verantwortlichkeit für Tiere oder den Zustand einer Sache,P14-A4,4,"Geht die Gefahr von einer herrenlosen Sache aus, so können die Maßnahmen auch gegen denjenigen gerichtet werden, der das Eigentum an der Sache aufgegeben hat."
14,Verantwortlichkeit für Tiere oder den Zustand einer Sache,P14-A5,5,"Die Absätze 1 bis 4 sind nicht anzuwenden, soweit andere Vorschriften dieses Gesetzes oder andere Rechtsvorschriften abschließend bestimmen, gegen wen eine Maßnahme zu richten ist."
15,Unmittelbare Ausführung einer Maßnahme,P15-A1,1,"Die Ordnungsbehörden und die Polizei können eine Maßnahme selbst oder durch einen Beauftragten unmittelbar ausführen, wenn der Zweck der Maßnahme durch Inanspruchnahme der nach den §§ 13 oder 14 Verantwortlichen nicht oder nicht rechtzeitig erreicht werden kann. Die von der Maßnahme betroffene Person ist unverzüglich zu unterrichten."
15,Unmittelbare Ausführung einer Maßnahme,P15-A2,2,Die durch die unmittelbare Ausführung einer Maßnahme entstehenden Kosten werden von den nach den §§ 13 oder 14 Verantwortlichen erhoben. Mehrere Verantwortliche haften als Gesamtschuldner. Die Kosten können im Verwaltungsvollstreckungsverfahren beigetrieben werden. Die Erhebung von Kosten nach dem Gesetz über Gebühren und Beiträge bleibt unberührt.
15,Unmittelbare Ausführung einer Maßnahme,P15-A3,3,"Wird eine Maßnahme durch einen Beauftragten ausgeführt, so bestehen die Kosten in dem Betrag, der an den Beauftragten zu zahlen ist. Wird eine Maßnahme durch die Ordnungsbehörde oder die Polizei selbst ausgeführt, so bestehen die Kosten in ihren durch die Maßnahme unmittelbar entstehenden zusätzlichen personellen und sächlichen Aufwendungen."
16,Inanspruchnahme von nicht verantwortlichen und nicht verdächtigen Personen,P16-A1,1,"Die Ordnungsbehörden und die Polizei können Maßnahmen auch gegen andere Personen als die nach den §§ 13 oder 14 Verantwortlichen richten, wenn"
16,Inanspruchnahme von nicht verantwortlichen und nicht verdächtigen Personen,,,"eine gegenwärtige erhebliche Gefahr abzuwehren ist,"
16,Inanspruchnahme von nicht verantwortlichen und nicht verdächtigen Personen,,,"Maßnahmen gegen die nach den §§ 13 oder 14 Verantwortlichen nicht oder nicht rechtzeitig möglich sind oder keinen Erfolg versprechen,"
16,Inanspruchnahme von nicht verantwortlichen und nicht verdächtigen Personen,,,sie die Gefahr nicht oder nicht rechtzeitig selbst oder durch Beauftragte abwehren können und
16,Inanspruchnahme von nicht verantwortlichen und nicht verdächtigen Personen,,,die Personen ohne erhebliche eigene Gefährdung und ohne Verletzung höherwertiger Pflichten in Anspruch genommen werden können.
16,Inanspruchnahme von nicht verantwortlichen und nicht verdächtigen Personen,P16-A2,2,"Die Maßnahmen nach Absatz 1 dürfen nur aufrecht erhalten werden, solange die Abwehr der Gefahr nicht auf andere Weise möglich ist."
16,Inanspruchnahme von nicht verantwortlichen und nicht verdächtigen Personen,P16-A3,3,"Die Absätze 1 und 2 sind nicht anzuwenden, soweit andere Vorschriften dieses Gesetzes oder andere Rechtsvorschriften abschließend bestimmen, gegen wen eine Maßnahme zu richten ist."
17,Allgemeine Befugnisse; Begriffsbestimmungen,P17-A1,1,"Die Ordnungsbehörden und die Polizei können die notwendigen Maßnahmen treffen, um eine im einzelnen Falle bestehende Gefahr für die öffentliche Sicherheit oder Ordnung (Gefahr) abzuwehren, soweit nicht die §§ 18 bis 51b ihre Befugnisse besonders regeln."
17,Allgemeine Befugnisse; Begriffsbestimmungen,P17-A2,2,"Zur Erfüllung der Aufgaben, die den Ordnungsbehörden und der Polizei durch andere Rechtsvorschriften übertragen sind (§ 1 Abs. 2), haben sie die dort vorgesehenen Befugnisse. Soweit solche Rechtsvorschriften Befugnisse der Ordnungsbehörden und der Polizei nicht abschließend regeln, haben sie die Befugnisse, die ihnen nach diesem Gesetz zustehen."
17,Allgemeine Befugnisse; Begriffsbestimmungen,P17-A3,3,Straftaten von erheblicher Bedeutung sind
17,Allgemeine Befugnisse; Begriffsbestimmungen,,,"alle Verbrechen, alle weiteren in § 100a der Strafprozessordnung genannten Straftaten sowie alle weiteren terroristischen Straftaten,"
17,Allgemeine Befugnisse; Begriffsbestimmungen,,,"Straftaten nach den §§ 176a, 176b, 180a, 181a Absatz 1, § 182 Absatz 1 und 2, §§ 224 und 233 des Strafgesetzbuches,"
17,Allgemeine Befugnisse; Begriffsbestimmungen,,,"Straftaten nach den §§ 243 und 244 Absatz 1 Nummer 1 und 3 des Strafgesetzbuches, soweit sie organisiert, insbesondere banden-, gewerbs- oder serienmäßig begangen werden."
17,Allgemeine Befugnisse; Begriffsbestimmungen,P17-A4,4,"Straftaten, die sich auf eine Schädigung der Umwelt, eine Beeinträchtigung der Funktionsfähigkeit von Einrichtungen, Anlagen oder Teilen davon im Sinne des § 28 Absatz 1 des Katastrophenschutzgesetzes vom 7. Juni 2021 (GVBl. S. 610), das durch Artikel 7 Nummer 5 des Gesetzes vom 11. Dezember 2025 (GVBl. S. 590) geändert worden ist, in der jeweils geltenden Fassung, von staatlichen Einrichtungen der kritischen Infrastruktur, die Einrichtungen nach § 28 Absatz 1 des Katastrophenschutzgesetzes entsprechen, oder von zur Aufrechterhaltung der Staats- und Regierungsfunktionen unabdingbar notwendigen Einrichtungen, die einen mit Einrichtungen nach § 28 Absatz 1 des Katastrophenschutzgesetzes vergleichbaren Schutzbedarf aufweisen, oder auf gemeinschaftswidrige Wirtschaftsformen, insbesondere illegale Beschäftigung, beziehen und geeignet sind, die Sicherheit der Bevölkerung zu beeinträchtigen, stehen Straftaten von erheblicher Bedeutung im Sinne des Absatzes 3 gleich."
17,Allgemeine Befugnisse; Begriffsbestimmungen,P17-A4,5,Terroristische Straftaten sind
17,Allgemeine Befugnisse; Begriffsbestimmungen,,,"Straftaten nach den §§ 89a, 89c, 129a und 129b des Strafgesetzbuches, die im In- oder Ausland begangen werden, sowie"
17,Allgemeine Befugnisse; Begriffsbestimmungen,,,"die in § 129a Absatz 1 und 2 des Strafgesetzbuches genannten Straftaten, die im In- oder Ausland begangen werden, sofern sie dazu bestimmt sind,"
17,Allgemeine Befugnisse; Begriffsbestimmungen,,,"die Bevölkerung auf erhebliche Weise einzuschüchtern,"
17,Allgemeine Befugnisse; Begriffsbestimmungen,,,eine Behörde oder eine internationale Organisation rechtswidrig mit Gewalt oder durch Drohung mit Gewalt zu nötigen oder
17,Allgemeine Befugnisse; Begriffsbestimmungen,,,"die politischen, verfassungsrechtlichen, wirtschaftlichen oder sozialen Grundstrukturen eines Staates, eines Landes oder einer internationalen Organisation zu beseitigen oder erheblich zu beeinträchtigen,"
17,Allgemeine Befugnisse; Begriffsbestimmungen,,,"und durch die Art ihrer Begehung oder ihre Auswirkungen einen Staat, ein Land oder eine internationale Organisation erheblich schädigen können."
17,Allgemeine Befugnisse; Begriffsbestimmungen,P17-A4,6,"Setzt eine Maßnahme nach diesem Gesetz eine Sachlage voraus, bei der"
17,Allgemeine Befugnisse; Begriffsbestimmungen,,,"Tatsachen die Annahme rechtfertigen, dass eine Person innerhalb eines übersehbaren Zeitraums auf eine zumindest ihrer Art nach konkretisierte Weise oder"
17,Allgemeine Befugnisse; Begriffsbestimmungen,,,"das individuelle Verhalten einer Person die konkrete Wahrscheinlichkeit begründet, dass sie innerhalb eines übersehbaren Zeitraums"
17,Allgemeine Befugnisse; Begriffsbestimmungen,,,"eine Straftat begehen wird, so muss in den Fällen nach den §§ 84, 85, 89a, 89c, 96, 127 Absatz 3 und 4, §§ 129, 129a und 129b des Strafgesetzbuches zudem eine solche konkretisierte Gefahr für das durch den jeweiligen Straftatbestand geschützte Rechtsgut bestehen."
17a,Kriminalitätsbelastete Orte; Verordnungsermächtigung,P17a-A1,1,"Die für Inneres zuständige Senatsverwaltung wird ermächtigt, durch Rechtsverordnung bestimmte Straßen, Wege, Plätze oder sonstige Bereiche als kriminalitätsbelastete Orte einzustufen. Dies ist nur für solche Orte zulässig, die öffentlich zugänglich sind und von denen Tatsachen die Annahme rechtfertigen, dass dort Personen Straftaten von erheblicher Bedeutung verabreden, vorbereiten oder verüben."
17a,Kriminalitätsbelastete Orte; Verordnungsermächtigung,P17a-A2,2,"Die Polizeipräsidentin oder der Polizeipräsident oder die Vertretung im Amt kann die Einstufung eines Bereichs als kriminalitätsbelasteter Ort unter den Voraussetzungen des Absatzes 1 für die Dauer von insgesamt höchstens einem Monat im jeweiligen Kalenderjahr durch Allgemeinverfügung vornehmen, wenn Maßnahmen nach diesem Gesetz, die diese Einstufung voraussetzen, keinen Aufschub dulden und der Erlass einer Rechtsverordnung voraussichtlich nicht rechtzeitig erfolgen würde. In besonderen Eilfällen kann die öffentliche Bekanntgabe der Allgemeinverfügung dadurch erfolgen, dass ihr verfügender Teil auf der Internetseite der Polizei Berlin zugänglich gemacht und zusätzlich durch weitere geeignete Nachrichtenmittel verbreitet wird. Dabei kann bestimmt werden, dass die Allgemeinverfügung mit der Zugänglichmachung auf einer Internetseite der Polizei Berlin als bekanntgegeben gilt. Über den Erlass jeder Allgemeinverfügung unterrichtet die für Inneres zuständige Senatsverwaltung unverzüglich das Abgeordnetenhaus."
17a,Kriminalitätsbelastete Orte; Verordnungsermächtigung,P17a-A3,3,"Die für Inneres zuständige Senatsverwaltung unterrichtet das Abgeordnetenhaus über die Gründe, die zur Einstufung als kriminalitätsbelasteter Ort geführt haben. Der Senat unterrichtet das Abgeordnetenhaus zudem jährlich über die an den kriminalitätsbelasteten Orten nach diesem Gesetz getroffenen Maßnahmen."
18,"Ermittlungen, Befragungen, Datenerhebungen",P18-A1,1,"Die Ordnungsbehörden und die Polizei können zur Klärung des Sachverhalts in einer bestimmten ordnungsbehördlichen oder polizeilichen Angelegenheit Ermittlungen anstellen, insbesondere Befragungen nach den Absätzen 4 bis 6 durchführen. Sie können in diesem Zusammenhang personenbezogene Daten erheben"
18,"Ermittlungen, Befragungen, Datenerhebungen",,,"über die in den §§ 13, 14 und 16 genannten und andere Personen, wenn das zur Abwehr einer Gefahr oder zur Erfüllung der ihnen durch andere Rechtsvorschriften übertragenen Aufgaben erforderlich ist,"
18,"Ermittlungen, Befragungen, Datenerhebungen",,,wenn die betroffene Person die Daten offensichtlich öffentlich gemacht hat oder
18,"Ermittlungen, Befragungen, Datenerhebungen",,,wenn die betroffene Person in Kenntnis des Zwecks der Erhebung in diese eingewilligt hat.
18,"Ermittlungen, Befragungen, Datenerhebungen",P18-A2,2,"Die Polizei kann ferner personenbezogene Daten erheben, soweit dies erforderlich ist"
18,"Ermittlungen, Befragungen, Datenerhebungen",,,"zur Verhütung von Straftaten, wenn tatsächliche Anhaltspunkte die Annahme rechtfertigen, dass die betroffene Person"
18,"Ermittlungen, Befragungen, Datenerhebungen",,,"innerhalb eines überschaubaren Zeitraums auf eine zumindest ihrer Art nach konkretisierte Weise Straftaten begehen oder daran teilnehmen wird,"
18,"Ermittlungen, Befragungen, Datenerhebungen",,,"mit einer in Buchstabe a genannten Person nicht nur in einem flüchtigen oder zufälligen Kontakt, sondern in einer Weise in Verbindung steht, die die Erhebung ihrer personenbezogenen Daten zur vorbeugenden Bekämpfung solcher Straftaten erfordert; dies ist der Fall, wenn Tatsachen die Annahme einer individuellen Nähe der Person zu solchen Straftaten rechtfertigen, insbesondere weil eine in Buchstabe a genannte Person sich dieser Person zur Begehung der Straftaten bedienen könnte oder die Person von der Planung oder Vorbereitung der Straftaten Kenntnis hat oder daran mitwirkt (Kontakt- und Begleitperson),"
18,"Ermittlungen, Befragungen, Datenerhebungen",,,"als Zeugin oder Zeuge, Hinweisgeberin oder Hinweisgeber oder sonstige Auskunftsperson in Betracht kommt,"
18,"Ermittlungen, Befragungen, Datenerhebungen",,,Opfer einer solchen Straftat werden könnte oder
18,"Ermittlungen, Befragungen, Datenerhebungen",,,"sich im räumlichen Nahbereich einer Person aufhält, von der auf Grund tatsächlicher Anhaltspunkte anzunehmen ist, dass sie besonders gefährdet und die Maßnahme zu ihrem Schutz erforderlich ist,"
18,"Ermittlungen, Befragungen, Datenerhebungen",,,"im Falle der Ausschreibung der Person zur Ermittlungsanfrage,"
18,"Ermittlungen, Befragungen, Datenerhebungen",,,zum Schutz privater Rechte oder
18,"Ermittlungen, Befragungen, Datenerhebungen",,,zur Leistung von Vollzugshilfe.
18,"Ermittlungen, Befragungen, Datenerhebungen",P18-A3,3,"Ermittlungen sind offen durchzuführen. Verdeckt dürfen sie außer in den in diesem Gesetz zugelassenen Fällen nur durchgeführt werden, wenn ohne diese Maßnahme die Erfüllung der Aufgaben gefährdet wäre oder wenn anzunehmen ist, dass dies dem überwiegenden Interesse der betroffenen Person entspricht."
18,"Ermittlungen, Befragungen, Datenerhebungen",P18-A4,4,"Die Ordnungsbehörden und die Polizei können eine Person befragen, wenn Tatsachen die Annahme rechtfertigen, dass die Person sachdienliche Angaben machen kann, die für die Erfüllung einer bestimmten ordnungsbehördlichen oder polizeilichen Aufgabe erforderlich sind. Für die Dauer der Befragung kann die Person angehalten werden. Sie ist verpflichtet, Namen, Vornamen, Geschlecht, Tag und Ort der Geburt, Staatsangehörigkeit und Wohnungsanschrift anzugeben. Eine weitere Auskunftspflicht besteht nur für die nach den §§ 13 oder 14 Verantwortlichen und unter den Voraussetzungen des § 16 für die dort genannten Personen sowie für Personen, für die gesetzliche Handlungspflichten bestehen."
18,"Ermittlungen, Befragungen, Datenerhebungen",P18-A5,5,"Befragungen sind grundsätzlich an die betroffene Person zu richten. Ohne deren Kenntnis können Dritte befragt werden, wenn die Befragung der betroffenen Person"
18,"Ermittlungen, Befragungen, Datenerhebungen",,,"nicht oder nicht rechtzeitig möglich ist,"
18,"Ermittlungen, Befragungen, Datenerhebungen",,,"einen unverhältnismäßig hohen Aufwand erfordern würde und schutzwürdige Belange der betroffenen Person nicht entgegenstehen,"
18,"Ermittlungen, Befragungen, Datenerhebungen",,,die Erfüllung der Aufgaben gefährden würde.
18,"Ermittlungen, Befragungen, Datenerhebungen",P18-A6,6,Der Befragte ist in geeigneter Weise auf
18,"Ermittlungen, Befragungen, Datenerhebungen",,,"die Rechtsgrundlagen der Befragung,"
18,"Ermittlungen, Befragungen, Datenerhebungen",,,eine bestehende Auskunftspflicht oder die Freiwilligkeit der Auskunft
18,"Ermittlungen, Befragungen, Datenerhebungen",,,"hinzuweisen. Der Hinweis kann unterbleiben, wenn hierdurch die Erfüllung der ordnungsbehördlichen oder polizeilichen Aufgaben erheblich erschwert oder gefährdet würde. Werden bei der Befragung personenbezogene Daten zu Zwecken außerhalb des § 30 des Berliner Datenschutzgesetzes erhoben, bestimmen sich Umfang und Grenzen der Hinweispflicht im Übrigen nach den Artikeln 13 und 14 der Verordnung (EU) 2016/679 des Europäischen Parlaments und des Rates vom 27. April 2016 zum Schutz natürlicher Personen bei der Verarbeitung personenbezogener Daten, zum freien Datenverkehr und zur Aufhebung der Richtlinie 95/46/EG (Datenschutz-Grundverordnung) (ABl. L 119 vom 4.5.2016, S. 1, ABl. L 314 vom 22.11.2016, S. 72, ABl. L 127 vom 23.5.2018, S. 2, ABl. L 74 vom 4.3.2021, S. 35) sowie nach § 23 des Berliner Datenschutzgesetzes. Bei Datenerhebungen zu Zwecken des § 30 des Berliner Datenschutzgesetzes bleibt die allgemeine Informationspflicht nach § 41 des Berliner Datenschutzgesetzes unberührt."
18,"Ermittlungen, Befragungen, Datenerhebungen",P18-A7,7,"Die §§ 52 bis 55 und 136a der Strafprozessordnung gelten entsprechend. Jedoch ist eine in § 53 Absatz 1 Nummer 3, 3a, 3b oder Nummer 5 der Strafprozessordnung genannte Person nicht zur Verweigerung der Auskunft berechtigt, soweit die Auskunft zur Abwehr einer Gefahr für den Bestand oder die Sicherheit des Bundes oder eines Landes oder für Leib, Leben, Freiheit oder sexuelle Selbstbestimmung einer Person erforderlich ist. Für Personen nach § 53 Absatz 1 Satz 1 Nummer 3 der Strafprozessordnung gilt Satz 2 nur, soweit es sich nicht um Rechtsanwälte oder Rechtsanwältinnen oder Kammerrechtsbeistände handelt. Die Sätze 2 und 3 gelten entsprechend, soweit die in § 53a Absatz 1 Satz 1 der Strafprozessordnung genannten Personen das Zeugnis verweigern dürften."
18,"Ermittlungen, Befragungen, Datenerhebungen",P18-A8,8,"Die Erhebung personenbezogener Daten nach Absatz 1 Satz 2 Nummer 3 ist unter Beachtung des § 36 des Berliner Datenschutzgesetzes unbeschadet spezieller Rechtsvorschriften nur dann zulässig, wenn die betroffene Person eine echte Wahlfreiheit hat und nicht aufgefordert oder angewiesen wird, einer rechtlichen Verpflichtung nachzukommen. Die betroffene Person ist auf die Freiwilligkeit hinzuweisen."
18a,Schutz zeugnisverweigerungsberechtigter Berufsgeheimnisträgerinnen und Berufsgeheimnisträger,P18a-A1,1,"Maßnahmen nach diesem Abschnitt, die sich gegen eine in § 53 Absatz 1 Satz 1 der Strafprozessordnung genannte Person richten und voraussichtlich Erkenntnisse erbringen würden, über die diese Person das Zeugnis verweigern dürfte, sind unzulässig. Dennoch erlangte Erkenntnisse dürfen nicht verwertet werden. Aufzeichnungen hierüber sind unverzüglich zu löschen. Die Tatsache ihrer Erlangung und Löschung ist zu dokumentieren. Die Sätze 2 bis 4 gelten entsprechend, wenn durch eine Maßnahme, die sich nicht gegen eine in § 53 Absatz 1 Satz 1 der Strafprozessordnung genannte Person richtet, von einer dort genannten Person Erkenntnisse erlangt werden, über die sie das Zeugnis verweigern dürfte."
18a,Schutz zeugnisverweigerungsberechtigter Berufsgeheimnisträgerinnen und Berufsgeheimnisträger,P18a-A2,2,"Abweichend von Absatz 1 Satz 1 sind Maßnahmen nach diesem Abschnitt, die sich gegen eine in § 53 Absatz 1 Satz 1 Nummer 3, 3a, 3b oder Nummer 5 der Strafprozessordnung genannte Person richten, zulässig, soweit sie zur Abwehr einer Gefahr für den Bestand oder die Sicherheit des Bundes oder eines Landes oder für Leib, Leben, Freiheit oder sexuelle Selbstbestimmung einer Person erforderlich sind und die Verhältnismäßigkeit unter Würdigung des öffentlichen Interesses an den von dieser Person wahrgenommenen Aufgaben und des Interesses an der Geheimhaltung der dieser Person anvertrauten oder bekannt gewordenen Tatsachen gewahrt ist. Für Personen nach § 53 Absatz 1 Satz 1 Nummer 3 der Strafprozessordnung gilt Satz 1 nur, soweit es sich nicht um Rechtsanwälte oder Rechtsanwältinnen oder Kammerrechtsbeistände handelt."
18a,Schutz zeugnisverweigerungsberechtigter Berufsgeheimnisträgerinnen und Berufsgeheimnisträger,P18a-A3,3,"Die Absätze 1 und 2 gelten entsprechend, soweit die in § 53a Absatz 1 Satz 1 der Strafprozessordnung genannten Personen das Zeugnis verweigern dürften."
18a,Schutz zeugnisverweigerungsberechtigter Berufsgeheimnisträgerinnen und Berufsgeheimnisträger,P18a-A4,4,"Die Absätze 1 bis 3 gelten nicht, sofern konkrete Tatsachen die Annahme rechtfertigen, dass die zeugnisverweigerungsberechtigte Person für die Gefahr verantwortlich ist."
18a,Schutz zeugnisverweigerungsberechtigter Berufsgeheimnisträgerinnen und Berufsgeheimnisträger,P18a-A5,5,§ 18 Absatz 7 und die Bestimmungen über die Löschung von Aufzeichnungen nach § 24c Absatz 7 und 8 bleiben unberührt.
18b,Gefährderansprache; Gefährderanschreiben,P18b-A1,1,"Die Ordnungsbehörden und die Polizei können eine Person zur Abwehr einer von ihr ausgehenden Gefahr über die Rechtslage informieren und ihr mitteilen, welche Maßnahmen sie ihr gegenüber zur Abwehr der Gefahr bei ungehindertem Geschehensablauf oder im Rahmen strafprozessualer Maßnahmen bei Verwirklichung einer Straftat voraussichtlich ergreifen würden. Zu diesem Zweck können die Ordnungsbehörden und die Polizei die Person ansprechen (Gefährderansprache) oder anschreiben (Gefährderanschreiben). Soweit es den Zweck der Maßnahme nicht gefährdet, soll die Gefährderansprache außerhalb der Hör- und Sichtweite Dritter erfolgen. Die betroffene Person darf zur Durchführung der Gefährderansprache für die Dauer der Maßnahme angehalten und ihre Identität festgestellt werden."
18b,Gefährderansprache; Gefährderanschreiben,P18b-A1,2,"Die Polizei kann Maßnahmen nach Absatz 1 auch gegenüber einer Person treffen, wenn Tatsachen die Annahme rechtfertigen, dass diese innerhalb eines übersehbaren Zeitraums auf eine zumindest ihrer Art nach konkretisierte Weise eine Straftat begehen oder an ihr teilnehmen wird."
19,Erhebung von Daten zur Vorbereitung für die Hilfeleistung in Gefahrenfällen,P19-A1,,Die Ordnungsbehörden und die Polizei können über
19,Erhebung von Daten zur Vorbereitung für die Hilfeleistung in Gefahrenfällen,,,"Personen, deren Kenntnisse oder Fähigkeiten zur Gefahrenabwehr benötigt werden,"
19,Erhebung von Daten zur Vorbereitung für die Hilfeleistung in Gefahrenfällen,,,"Verantwortliche für Anlagen oder Einrichtungen, von denen eine erhebliche Gefahr ausgehen kann,"
19,Erhebung von Daten zur Vorbereitung für die Hilfeleistung in Gefahrenfällen,,,"Verantwortliche für gefährdete Anlagen oder Einrichtungen,"
19,Erhebung von Daten zur Vorbereitung für die Hilfeleistung in Gefahrenfällen,,,"Verantwortliche für Veranstaltungen in der Öffentlichkeit, die nicht dem Versammlungsfreiheitsgesetz Berlin unterliegen,"
19,Erhebung von Daten zur Vorbereitung für die Hilfeleistung in Gefahrenfällen,P19-A1-S2,,"Namen, Vornamen, akademische Grade, Anschriften, Telefonnummern und andere Daten über die Erreichbarkeit sowie nähere Angaben über die Zugehörigkeit zu einer der genannten Personengruppen erheben, soweit das zur Vorbereitung für die Hilfeleistung und das Handeln in Gefahrenfällen erforderlich ist. Eine verdeckte Datenerhebung ist unzulässig. Sind die Daten nicht bei der betroffenen Person erhoben worden, ist die Informationspflicht nach Artikel 14 der Verordnung (EU) 2016/679 zu beachten."
20,Vorladung,P20-A1,1,"Die Ordnungsbehörden und die Polizei können eine Person schriftlich, elektronisch oder mündlich vorladen, wenn"
20,Vorladung,,,"Tatsachen die Annahme rechtfertigen, dass die Person sachdienliche Angaben machen kann, die für die Erfüllung einer bestimmten ordnungsbehördlichen oder polizeilichen Aufgabe erforderlich sind,"
20,Vorladung,,,das zur Durchführung erkennungsdienstlicher Maßnahmen erforderlich ist.
20,Vorladung,P20-A2,2,Bei der Vorladung soll deren Grund und die Art der beabsichtigten erkennungsdienstlichen Maßnahmen angegeben werden. Bei der Festsetzung des Zeitpunkts soll auf den Beruf und die sonstigen Lebensverhältnisse der betroffenen Person Rücksicht genommen werden.
20,Vorladung,P20-A3,3,"Leistet eine betroffene Person der Vorladung ohne hinreichenden Grund keine Folge, so kann die Polizei die Vorladung zwangsweise durchsetzen,"
20,Vorladung,,,"wenn die Angaben zur Abwehr einer Gefahr für den Bestand oder die Sicherheit des Bundes oder eines Landes, für Leib, Leben, Freiheit oder sexuelle Selbstbestimmung einer Person oder für Sachen von bedeutendem Wert, deren Erhaltung im öffentlichen Interesse liegt, erforderlich sind,"
20,Vorladung,,,um erkennungsdienstliche Maßnahmen durchzuführen.
21,Identitätsfeststellung,P21-A1,1,"Die Ordnungsbehörden und die Polizei können die Identität einer Person feststellen, wenn das zur Abwehr einer Gefahr oder zur Erfüllung der ihnen durch andere Rechtsvorschriften übertragenen Aufgaben (§ 1 Abs. 2) erforderlich ist."
21,Identitätsfeststellung,P21-A2,2,"Die Polizei kann ferner die Identität einer Person feststellen, wenn die Person"
21,Identitätsfeststellung,,,"sich an einem kriminalitätsbelasteten Ort oder in dessen unmittelbarer Nähe aufhält,"
21,Identitätsfeststellung,,,"sich an einem Ort aufhält, von dem Tatsachen die Annahme rechtfertigen, dass"
21,Identitätsfeststellung,,,sich dort gesuchte Straftäter verbergen oder
21,Identitätsfeststellung,,,"dort mutmaßlich Geschädigte von Straftaten nach den §§ 177, 180, 180a, 181a, 182, 232, 232a, 232b, 233, 233a des Strafgesetzbuches anzutreffen oder untergebracht sind,"
21,Identitätsfeststellung,,,"sich in einer Verkehrs- oder Versorgungsanlage oder -einrichtung, einem öffentlichen Verkehrsmittel, Amtsgebäude oder einem anderen besonders gefährdeten Objekt oder in dessen unmittelbarer Nähe aufhält und Tatsachen die Annahme rechtfertigen, dass in oder an einem Objekt dieser Art Straftaten begangen werden sollen, durch die Personen oder dieses Objekt gefährdet sind, und die Identitätsfeststellung auf Grund der Gefährdungslage oder personenbezogener Anhaltspunkte erforderlich ist,"
21,Identitätsfeststellung,,,"an einer Kontrollstelle angetroffen wird, die von der Polizei eingerichtet worden ist, um eine Straftat nach § 129a des Strafgesetzbuches, eine der in dieser Vorschrift genannten Straftaten oder eine Straftat nach § 250 Abs. 1 Nr. 1 oder 2 oder nach § 255 des Strafgesetzbuches in Verbindung mit der vorgenannten Straftat zu verhüten, und Tatsachen die Annahme rechtfertigen, dass solche Straftaten begangen werden sollen, oder"
21,Identitätsfeststellung,,,"sich in einem Fahrzeug befindet, das zur gezielten Kontrolle ausgeschrieben ist."
21,Identitätsfeststellung,,,Die Einrichtung der Kontrollstelle nach Satz 1 Nummer 4 ist außer bei Gefahr im Verzug nur mit Zustimmung der für Inneres zuständigen Senatsverwaltung zulässig. Die Polizei kann mitgeführte Sachen in Augenschein nehmen.
21,Identitätsfeststellung,P21-A2,3,"Überdies kann die Polizei die Identität einer Person feststellen, wenn das zum Schutz privater Rechte (§ 1 Absatz 4) oder zur Leistung von Vollzugshilfe (§ 1 Absatz 5) erforderlich ist."
21,Identitätsfeststellung,P21-A3,4,"Die Ordnungsbehörden und die Polizei können die zur Feststellung der Identität erforderlichen Maßnahmen treffen. Sie können die Person insbesondere anhalten, sie nach ihren Personalien befragen und verlangen, dass sie Angaben zur Feststellung ihrer Identität macht und mitgeführte Ausweispapiere zur Prüfung aushändigt. Die Polizei kann die Person festhalten und zur Dienststelle bringen, wenn die Identität auf andere Weise nicht oder nur unter erheblichen Schwierigkeiten festgestellt werden kann. Unter den Voraussetzungen des Satzes 3 können die Person und die von ihr mitgeführten Sachen durchsucht werden."
21a,Medizinische und molekulargenetische Untersuchungen,P21a-A1,1,"Die Polizei kann medizinische Untersuchungen anordnen, wenn eine nach § 21 zulässige Identitätsfeststellung einer Person, die"
21a,Medizinische und molekulargenetische Untersuchungen,,,verstorben ist oder
21a,Medizinische und molekulargenetische Untersuchungen,,,"sich erkennbar in einem die freie Willensbestimmung ausschließenden Zustand oder sich sonst in hilfloser Lage befindet,"
21a,Medizinische und molekulargenetische Untersuchungen,P21a-A1-S2,,auf andere Weise nicht oder nur unter erheblichen Schwierigkeiten möglich ist. § 81a Abs. 1 Satz 2 der Strafprozessordnung gilt entsprechend.
21a,Medizinische und molekulargenetische Untersuchungen,P21a-A2,2,"An dem durch Maßnahmen nach Absatz 1 erlangten Material sowie am aufgefundenen Spurenmaterial von Vermissten dürfen zum Zwecke der Identitätsfeststellung molekulargenetische Untersuchungen durchgeführt sowie die gewonnenen DNA-Identifizierungsmuster in einer Datei gespeichert werden. Die DNA-Identifizierungsmuster sind unverzüglich zu löschen, wenn der Zweck der Maßnahme nach Absatz 1 erreicht ist. § 81g Abs. 2 der Strafprozessordnung gilt entsprechend."
21a,Medizinische und molekulargenetische Untersuchungen,P21a-A3,3,Molekulargenetische Untersuchungen bedürfen der gerichtlichen Anordnung. § 81f Absatz 2 der Strafprozessordnung gilt entsprechend.
21b,Körperliche Untersuchungen,P21b-A1,1,"Eine Person darf körperlich untersucht werden, wenn Tatsachen die Annahme rechtfertigen, dass von ihr Krankheitserreger übertragen worden sein können, die Leib oder Leben einer anderen Person gefährden. Zu diesem Zweck sind Entnahmen von Blutproben und andere körperliche Eingriffe zulässig, wenn sie durch einen Arzt oder eine Ärztin nach den Regeln der ärztlichen Kunst vorgenommen werden und kein Nachteil für die Gesundheit der betroffenen Person zu befürchten ist."
21b,Körperliche Untersuchungen,P21b-A2,2,"Maßnahmen nach Absatz 1 bedürfen der gerichtlichen Anordnung. Bei Gefahr im Verzug kann die Anordnung durch die Polizei getroffen werden. In diesem Fall ist die gerichtliche Bestätigung der Anordnung unverzüglich einzuholen; dies gilt auch, wenn die Maßnahme bereits beendet ist. Die Anordnung tritt außer Kraft, wenn sie nicht binnen drei Werktagen gerichtlich bestätigt wird. In diesem Fall dürfen die bereits erhobenen Daten nicht mehr verwendet werden; sie sind unverzüglich zu löschen. Sind bereits Daten übermittelt worden, die zu löschen sind, so ist die empfangende Stelle darüber zu unterrichten."
21b,Körperliche Untersuchungen,P21b-A3,3,Im Antrag und in der Anordnung sind schriftlich anzugeben:
21b,Körperliche Untersuchungen,,,"die Person, gegen die sich die Maßnahme richtet, soweit möglich, mit Namen und Anschrift,"
21b,Körperliche Untersuchungen,,,"Art und Umfang der Maßnahme,"
21b,Körperliche Untersuchungen,,,der Sachverhalt sowie
21b,Körperliche Untersuchungen,,,eine Begründung.
21b,Körperliche Untersuchungen,P21b-A4,4,"Die bei der Untersuchung gewonnenen personenbezogenen Daten dürfen nur für den in Absatz 1 Satz 1 genannten Zweck verwendet werden. Sobald sie hierfür nicht mehr benötigt werden, sind sie unverzüglich zu löschen; desgleichen sind die entnommenen Proben unverzüglich zu vernichten."
22,Prüfung von Berechtigungsscheinen,P22-A1,,"Die Ordnungsbehörden und die Polizei können verlangen, dass ein Berechtigungsschein zur Prüfung ausgehändigt wird, wenn die Person auf Grund einer Rechtsvorschrift oder einer vollziehbaren Auflage in einem Erlaubnisbescheid verpflichtet ist, diesen Berechtigungsschein mitzuführen. Die betroffene Person kann für die Dauer der Aushändigung des Berechtigungsscheins angehalten werden."
23,Erkennungsdienstliche Maßnahmen,P23-A1,1,"Die Polizei kann erkennungsdienstliche Maßnahmen vornehmen, wenn"
23,Erkennungsdienstliche Maßnahmen,,,"eine nach § 21 zulässige Identitätsfeststellung auf andere Weise nicht oder nur unter erheblichen Schwierigkeiten möglich ist,"
23,Erkennungsdienstliche Maßnahmen,,,"das zur vorbeugenden Bekämpfung von Straftaten erforderlich ist, weil die betroffene Person verdächtig ist, eine Straftat begangen zu haben, und wegen der Art oder Begehensweise der Tat die Gefahr der Begehung weiterer Straftaten besteht."
23,Erkennungsdienstliche Maßnahmen,P23-A2,2,"Ist die Identität festgestellt, so sind in den Fällen des Absatzes 1 Nr. 1 die im Zusammenhang mit der Feststellung angefallenen erkennungsdienstlichen Unterlagen zu vernichten und die Daten zu löschen, es sei denn, ihre weitere Aufbewahrung ist zu Zwecken des Absatzes 1 Nr. 2 oder nach anderen Rechtsvorschriften zulässig."
23,Erkennungsdienstliche Maßnahmen,P23-A3,3,Erkennungsdienstliche Maßnahmen sind insbesondere
23,Erkennungsdienstliche Maßnahmen,,,"die Abnahme von Finger- und Handflächenabdrücken,"
23,Erkennungsdienstliche Maßnahmen,,,"die Aufnahme von Lichtbildern,"
23,Erkennungsdienstliche Maßnahmen,,,Messungen und die Feststellung anderer äußerer körperlicher Merkmale.
23,Erkennungsdienstliche Maßnahmen,P23-A4,4,Eingriffe in die körperliche Unversehrtheit sind unzulässig.
24,Datenerhebung bei öffentlichen Veranstaltungen und Ansammlungen,P24-A1,1,"Die Polizei kann bei oder im Zusammenhang mit öffentlichen, nicht dem Versammlungsfreiheitsgesetz Berlin unterliegenden Veranstaltungen oder Ansammlungen personenbezogene Daten durch Ermittlungen oder durch den Einsatz technischer Mittel zur Anfertigung von Bild- und Tonaufzeichnungen von Teilnehmern erheben, wenn Tatsachen die Annahme rechtfertigen, dass dabei Straftaten begangen werden. Dabei dürfen auch personenbezogene Daten über Dritte erhoben werden, soweit das unvermeidbar ist, um eine Datenerhebung durchführen zu können. Verdeckte Bild- und Tonaufzeichnungen sind unzulässig. Die Polizei kann die angefertigten Bildaufnahmen und -aufzeichnungen auch automatisiert auswerten; § 24e Absatz 4 gilt entsprechend."
24,Datenerhebung bei öffentlichen Veranstaltungen und Ansammlungen,P24-A2,2,"Bild- und Tonaufzeichnungen, daraus sowie bei Ermittlungen nach Absatz 1 gewonnene personenbezogene Daten sind spätestens zwei Monate nach der Datenerhebung zu löschen oder zu vernichten, soweit diese nicht zur Verfolgung von Straftaten oder Ordnungswidrigkeiten benötigt werden oder Tatsachen die Annahme rechtfertigen, dass die Person künftig Straftaten von erheblicher Bedeutung begehen wird. Die §§ 42c, 42d und 48 Absatz 6 bleiben unberührt, ebenso § 44 Absatz 3 des Berliner Datenschutzgesetzes."
24,Datenerhebung bei öffentlichen Veranstaltungen und Ansammlungen,P24-A3,3,"Bei oder im Zusammenhang mit öffentlichen, nicht dem Versammlungsfreiheitgesetz Berlin unterliegenden Großveranstaltungen, die im Rahmen einer vom übrigen Straßenland sichtbar unterschiedenen Sondernutzung durchgeführt werden, dürfen Polizei und Rettungsdienste zur Erfüllung ihrer jeweiligen Aufgaben die Bildaufnahmen verarbeiten, die von der Veranstalterin oder dem Veranstalter gemäß § 20 des Berliner Datenschutzgesetzes oder § 4 des Bundesdatenschutzgesetzes zur ordnungsgemäßen Durchführung der Veranstaltung gefertigt werden. Großveranstaltungen sind Veranstaltungen, die nach Art und Größe die Annahme rechtfertigen, dass erhebliche Gefahren für die öffentliche Sicherheit entstehen können."
24,Datenerhebung bei öffentlichen Veranstaltungen und Ansammlungen,P24-A3,4,§ 24f bleibt unberührt.
24a,Datenerhebung an und in gefährdeten Objekten,P24a-A1,1,"Zur Erfüllung ihrer Aufgaben nach § 1 Absatz 3 kann die Polizei an oder in einem gefährdeten Objekt, insbesondere einem Gebäude, auch einem Amts- oder Dienstgebäude, oder einem sonstigen Bauwerk von öffentlichem Interesse, einer Religionsstätte, einem Denkmal oder einem Friedhof, einschließlich der jeweils zugehörigen Parkplätze und sonstigen Außenflächen, oder, soweit zur Zweckerreichung zwingend erforderlich, den unmittelbar im Zusammenhang mit dem Objekt stehenden Grün- oder Straßenflächen personenbezogene Daten durch Anfertigung von Bildaufnahmen erheben und die Bilder zur Beobachtung übertragen und aufzeichnen, wenn tatsächliche Anhaltspunkte die Annahme rechtfertigen, dass an oder in einem Objekt dieser Art Straftaten drohen. Die Polizei kann die angefertigten Bildaufnahmen und -aufzeichnungen auch automatisiert auswerten; § 24e Absatz 4 gilt entsprechend."
24a,Datenerhebung an und in gefährdeten Objekten,P24a-A2,2,Der Umstand der Beobachtung und Aufzeichnung und die datenverarbeitende Stelle sind durch Beschilderung kenntlich zu machen.
24a,Datenerhebung an und in gefährdeten Objekten,P24a-A3,3,"Bildaufnahmen und -aufzeichnungen sind spätestens nach einem Monat zu vernichten oder zu löschen, soweit sie nicht zur Verfolgung von Straftaten benötigt werden oder Tatsachen die Annahme rechtfertigen, dass die Person künftig Straftaten von erheblicher Bedeutung begehen wird. § 24 Absatz 2 Satz 2 gilt entsprechend."
24a,Datenerhebung an und in gefährdeten Objekten,P24a-A4,4,"Werden durch eine Maßnahme nach Absatz 1 erhobene Daten einer bestimmten Person zugeordnet, so ist diese nach § 42 des Berliner Datenschutzgesetzes über eine Verarbeitung zu benachrichtigen, soweit die Daten nicht nach Absatz 3 zu einem der dort genannten Zwecke benötigt oder gelöscht oder vernichtet werden. § 27d Absatz 3 Satz 3 bis 5 gilt entsprechend."
24b,Datenerhebung in öffentlichen Verkehrseinrichtungen,P24b-A1,1,"Zur vorbeugenden Bekämpfung von Straftaten von erheblicher Bedeutung kann die Polizei in öffentlich zugänglichen Räumen des öffentlichen Personennahverkehrs personenbezogene Daten durch Anfertigung von Bildaufnahmen erheben und die Bilder zur Beobachtung übertragen und aufzeichnen, wenn sich aus einer nachvollziehbar dokumentierten Lagebeurteilung ein hinreichender Anlass für die Datenerhebung ergibt."
24b,Datenerhebung in öffentlichen Verkehrseinrichtungen,P24b-A2,2,§ 24a Abs. 2 bis 4 gilt entsprechend.
24c,Bild- und Tonaufnahmen und -aufzeichnungen zur Eigensicherung und zum Schutz von Dritten,P24c-A1,1,"Bei der Durchführung von Maßnahmen zur Gefahrenabwehr und zur Verfolgung von Straftaten oder Ordnungswidrigkeiten kann die Polizei im öffentlich zugänglichen Raum personenbezogene Daten mit offen in einem Dienstfahrzeug eingesetzten technischen Mitteln durch Anfertigung von Bild- und Tonaufnahmen erheben und zur Beobachtung übertragen und aufzeichnen, wenn"
24c,Bild- und Tonaufnahmen und -aufzeichnungen zur Eigensicherung und zum Schutz von Dritten,,,"tatsächliche Anhaltspunkte für die Entstehung einer Gefahr für Leib, Leben oder Freiheit der Person bestehen und"
24c,Bild- und Tonaufnahmen und -aufzeichnungen zur Eigensicherung und zum Schutz von Dritten,,,die Maßnahme zur Abwehr dieser Gefahr erforderlich erscheint.
24c,Bild- und Tonaufnahmen und -aufzeichnungen zur Eigensicherung und zum Schutz von Dritten,P24c-A2,2,"Unter den gleichen Voraussetzungen kann die Polizei sowohl im öffentlich zugänglichen Raum als auch an Orten, die nicht öffentlich zugänglich sind, personenbezogene Daten mit offen körpernah getragenen technischen Mitteln durch Anfertigung von Bild- und Tonaufnahmen erheben und zur Beobachtung übertragen und aufzeichnen."
24c,Bild- und Tonaufnahmen und -aufzeichnungen zur Eigensicherung und zum Schutz von Dritten,P24c-A3,3,"Eine Aufzeichnung personenbezogener Daten, die dem Kernbereich privater Lebensgestaltung zuzurechnen sind, ist unzulässig. Die Aufzeichnung ist unverzüglich zu unterbrechen, sofern sich während der Aufzeichnung tatsächliche Anhaltspunkte dafür ergeben, dass Daten im Sinne des Satzes 1 erfasst werden. Dennoch aufgezeichnete Daten im Sinne von Satz 1 dürfen nicht nach Absatz 8 genutzt werden. Die Tatsache der Aufzeichnung dieser Daten ist zu dokumentieren. Die Dokumentation darf ausschließlich für Zwecke der Datenschutzkontrolle verwendet werden."
24c,Bild- und Tonaufnahmen und -aufzeichnungen zur Eigensicherung und zum Schutz von Dritten,P24c-A4,4,"Die Datenverarbeitung nach den Absätzen 1 und 2 kann auch dann erfolgen, wenn Dritte unvermeidbar betroffen sind; sie erfolgt bis zum Abschluss der Maßnahme. Der Umstand der Beobachtung und Aufzeichnung ist unverzüglich durch geeignete Maßnahmen erkennbar zu machen oder der betroffenen Person mitzuteilen. § 41 des Berliner Datenschutzgesetzes bleibt unberührt."
24c,Bild- und Tonaufnahmen und -aufzeichnungen zur Eigensicherung und zum Schutz von Dritten,P24c-A5,5,"Eine Datenverarbeitung nach Absatz 2 soll, sofern die Polizeivollzugsbeamtin oder der Polizeivollzugsbeamte entsprechend ausgestattet ist, erfolgen, wenn"
24c,Bild- und Tonaufnahmen und -aufzeichnungen zur Eigensicherung und zum Schutz von Dritten,,,sie oder er unmittelbaren Zwang gegen eine Person anwendet oder
24c,Bild- und Tonaufnahmen und -aufzeichnungen zur Eigensicherung und zum Schutz von Dritten,,,"die von einer polizeilichen Maßnahme betroffene Person eine solche Datenverarbeitung verlangt, es sei denn, diese Person ist bei einer Maßnahme an einem nicht öffentlich zugänglichen Ort offenkundig nicht alleinige Inhaberin oder alleiniger Inhaber oder sonstige alleinig berechtigte Person des erfassten Ortes."
24c,Bild- und Tonaufnahmen und -aufzeichnungen zur Eigensicherung und zum Schutz von Dritten,P24c-A6,6,"Von der Polizei bei der Erfüllung ihrer Aufgaben eingesetzte oder mitgeführte technische Mittel im Sinne der Absätze 1 und 2 dürfen im Bereitschaftsbetrieb in ihrem Zwischenspeicher Bild- und Tonaufnahmen kurzzeitig erfassen. Diese Daten sind automatisch nach höchstens 60 Sekunden spurenlos zu löschen, es sei denn, es erfolgt eine Aufzeichnung nach den Absätzen 1, 2 oder 5. Für diesen Fall dürfen die nach Satz 1 erfassten Daten bis zu einer Dauer von 60 Sekunden vor dem Beginn der Aufzeichnung gespeichert werden."
24c,Bild- und Tonaufnahmen und -aufzeichnungen zur Eigensicherung und zum Schutz von Dritten,P24c-A7,7,"Bild- und Tonaufzeichnungen nach dieser Vorschrift sind verschlüsselt und gegen Veränderung gesichert anzufertigen und aufzubewahren. Durch technische und organisatorische Maßnahmen ist sicherzustellen, dass an der Anfertigung von Bild- und Tonaufzeichnungen nach dieser Vorschrift beteiligte oder von dieser betroffene Polizeivollzugsbeamtinnen und Polizeivollzugsbeamte die gespeicherten Bild- und Tonaufzeichnungen weder bearbeiten noch löschen können. Bild- und Tonaufzeichnungen, die an nicht öffentlich zugänglichen Orten angefertigt wurden, sind besonders zu kennzeichnen. Die Bild- und Tonaufzeichnungen werden ab dem Zeitpunkt ihrer Anfertigung 30 Tage gespeichert und sind danach unverzüglich zu löschen, soweit sie nicht benötigt werden"
24c,Bild- und Tonaufnahmen und -aufzeichnungen zur Eigensicherung und zum Schutz von Dritten,,,"für die Verfolgung von Straftaten und Ordnungswidrigkeiten von erheblicher Bedeutung für die Allgemeinheit,"
24c,Bild- und Tonaufnahmen und -aufzeichnungen zur Eigensicherung und zum Schutz von Dritten,,,"im Einzelfall, insbesondere auf Verlangen der betroffenen Person, für die Überprüfung der Rechtmäßigkeit von aufgezeichneten polizeilichen Maßnahmen,"
24c,Bild- und Tonaufnahmen und -aufzeichnungen zur Eigensicherung und zum Schutz von Dritten,,,"für die Aufklärung eines Sachverhalts durch die Berliner Polizeibeauftragte oder den Berliner Polizeibeauftragten nach § 16 des Gesetzes über den Bürger- und Polizeibeauftragten,"
24c,Bild- und Tonaufnahmen und -aufzeichnungen zur Eigensicherung und zum Schutz von Dritten,,,für die Aufgaben des oder der Berliner Beauftragten für Datenschutz und Informationsfreiheit gemäß § 11 des Berliner Datenschutzgesetzes oder
24c,Bild- und Tonaufnahmen und -aufzeichnungen zur Eigensicherung und zum Schutz von Dritten,,,"zur Abwehr einer Gefahr für Leib, Leben oder Freiheit der Person."
24c,Bild- und Tonaufnahmen und -aufzeichnungen zur Eigensicherung und zum Schutz von Dritten,,,Die Löschung der Bild- und Tonaufzeichnungen ist zu dokumentieren. Die Dokumentation darf ausschließlich für Zwecke der Datenschutzkontrolle verwendet werden; sie ist frühestens nach Abschluss der Datenschutzkontrolle und spätestens nach zwei Jahren zu löschen.
24c,Bild- und Tonaufnahmen und -aufzeichnungen zur Eigensicherung und zum Schutz von Dritten,P24c-A8,8,"Die Nutzung der Bild- und Tonaufzeichnungen ist nur zu den in Absatz 7 Satz 4 genannten Zwecken zulässig. § 42 Absatz 4, §§ 42c, 42d und 48 Absatz 6 bleiben unberührt, ebenso § 44 Absatz 3 des Berliner Datenschutzgesetzes. Die Nutzung von Bild- und Tonaufzeichnungen nach den Sätzen 1 und 2, die an nicht öffentlich zugänglichen Orten angefertigt wurden, ist nur zulässig, wenn zuvor die Rechtmäßigkeit der Datenerhebung gerichtlich festgestellt wurde. Bei Gefahr im Verzug kann diese Entscheidung durch die Polizeipräsidentin oder den Polizeipräsidenten oder die Vertretung im Amt getroffen werden. Die gerichtliche Bestätigung der Entscheidung ist in diesem Fall unverzüglich einzuholen. Bild- und Tonaufzeichnungen, deren Nutzung unzulässig ist, sind unverzüglich zu löschen. Absatz 7 Satz 5 und 6 gilt entsprechend."
24c,Bild- und Tonaufnahmen und -aufzeichnungen zur Eigensicherung und zum Schutz von Dritten,P24c-A9,9,"Die Absätze 1 bis 4 und 6 bis 8 gelten für Einsatzkräfte der Feuerwehr und des Rettungsdienstes bei Erfüllung ihrer Aufgaben entsprechend. Die Absätze 1 bis 8 gelten für Dienstkräfte der bezirklichen Ordnungsämter bei der Erfüllung ihrer Aufgaben im Außendienst entsprechend, Absatz 2 mit der Maßgabe, dass eine Datenverarbeitung nicht in Wohnräumen erfolgen darf."
24d,Anlassbezogene automatisierte Kennzeichenfahndung,P24d-A1,1,"Die Polizei kann im öffentlichen Verkehrsraum vorübergehend und nicht flächendeckend die Kennzeichen von Fahrzeugen ohne Wissen der Person durch den Einsatz technischer Mittel automatisiert erheben, wenn"
24d,Anlassbezogene automatisierte Kennzeichenfahndung,,,"dies zur Abwehr einer gegenwärtigen Gefahr für Leib, Leben, Freiheit oder sexuelle Selbstbestimmung einer Person erforderlich ist,"
24d,Anlassbezogene automatisierte Kennzeichenfahndung,,,"dies zur Abwehr einer gegenwärtigen Gefahr erforderlich ist und die Voraussetzungen für eine Identitätsfeststellung nach § 21 Absatz 2 Satz 1 Nummer 1, 3 oder 4 vorliegen oder"
24d,Anlassbezogene automatisierte Kennzeichenfahndung,,,"eine Person oder ein Fahrzeug nach § 27 Absatz 1 und 2 polizeilich ausgeschrieben wurde und Tatsachen die Annahme rechtfertigen, dass die für die Ausschreibung relevante Begehung von Straftaten von erheblicher Bedeutung unmittelbar bevorsteht."
24d,Anlassbezogene automatisierte Kennzeichenfahndung,,,Die für die Maßnahme wesentlichen Entscheidungsgrundlagen sind für Kontrollzwecke zu dokumentieren.
24d,Anlassbezogene automatisierte Kennzeichenfahndung,P24d-A2,2,"Die erhobenen Daten können mit zur Abwehr der Gefahr nach Absatz 1 gespeicherten polizeilichen Daten automatisch abgeglichen werden; der Abgleich ist auf diejenigen Datenbestände zu beschränken, die für den Zweck der jeweiligen Kennzeichenkontrolle Bedeutung haben können. Sofern das ermittelte Kennzeichen nicht in diesem Datenbestand enthalten ist, sind die erhobenen Daten sofort nach Durchführung des Datenabgleichs automatisiert zu löschen. Im Trefferfall ist unverzüglich die Datenübereinstimmung zu überprüfen. Bei Datenübereinstimmung können die Daten polizeilich verarbeitet und im Falle des Absatzes 1 Satz 1 Nummer 3 zusammen mit den gewonnenen Erkenntnissen an die ausschreibende Stelle übermittelt werden. Andernfalls sind sie sofort zu löschen."
24e,Datenerhebung an kriminalitätsbelasteten Orten,P24e-A1,1,Zur Erfüllung ihrer Aufgaben nach § 1 Absatz 3 kann die Polizei an kriminalitätsbelasteten Orten personenbezogene Daten durch Anfertigung von Bildaufnahmen erheben und die Bilder zur Beobachtung übertragen und aufzeichnen. Die Maßnahme erfolgt auf Anordnung der Polizeipräsidentin oder des Polizeipräsidenten oder der Vertretung im Amt. Die Auswirkungen einer solchen Maßnahme auf die Kriminalität an dem jeweiligen Ort sind mindestens alle zwei Jahre zu untersuchen; anschließend ist über die Maßnahme unverzüglich erneut zu entscheiden. Über die Ergebnisse unterrichtet der Senat das Abgeordnetenhaus.
24e,Datenerhebung an kriminalitätsbelasteten Orten,P24e-A2,2,"Die Anordnung der Datenerhebung ist zu dokumentieren. Der Umstand der Beobachtung und Aufzeichnung sowie die datenverarbeitende Stelle sind zudem durch Beschilderung kenntlich zu machen. Die Polizei Berlin gibt öffentlich bekannt, an welchen Orten Datenerhebungen nach dieser Vorschrift erfolgen."
24e,Datenerhebung an kriminalitätsbelasteten Orten,P24e-A3,3,§ 24a Absatz 3 und 4 gilt entsprechend.
24e,Datenerhebung an kriminalitätsbelasteten Orten,P24e-A4,4,"Die Polizei kann die nach Absatz 1 angefertigten Bildaufnahmen und -aufzeichnungen auch automatisiert auswerten. Die automatisierte Auswertung darf nur auf das Erkennen solcher Verhaltensmuster ausgerichtet sein, die auf die Begehung einer Straftat oder den Eintritt eines Unglücksfalls im Sinne von § 323c Absatz 1 des Strafgesetzbuches hindeuten. Ein automatisiertes Auslösen behördlicher Maßnahmen auf Grund einer automatisierten Auswertung, die automatisierte biometrische Fernidentifizierung sowie die Nutzung der Bildaufnahmen und -aufzeichnungen für das Testen oder Trainieren von Programmen zur biometrischen Fernidentifizierung sind ausgeschlossen. Erst nach Sichtung der betreffenden Bildaufnahmen und -aufzeichnungen oder der Inaugenscheinnahme der Lage vor Ort dürfen weitere Maßnahmen ergriffen werden, die sich gegen bestimmte Personen richten. Absatz 1 Satz 2 sowie Absatz 2 Satz 1 gelten entsprechend."
24f,"Übersichtsaufnahmen zur Vorbereitung, Lenkung und Leitung von Einsätzen von Polizei und Feuerwehr",P24f-A1,,"Die Polizei und die Feuerwehr können an Orten, an denen die Notwendigkeit einer Wahrnehmung ihrer gesetzlichen Aufgaben besteht, insbesondere bei oder im Zusammenhang mit öffentlichen, nicht dem Versammlungsfreiheitsgesetz Berlin unterliegenden Veranstaltungen und Ansammlungen (Einsatzorte), einschließlich des unmittelbaren Umfelds, personenbezogene Daten mittels Übersichtsaufnahmen anfertigen, wenn dies im Einzelfall zur Vorbereitung, Lenkung und Leitung des Einsatzes erforderlich ist. Die Anfertigung von Aufnahmen zum Zweck der Identifikation von Personen sowie die Aufzeichnung der gefertigten Aufnahmen sind nur zulässig, wenn dies zur Abwehr einer Gefahr erforderlich ist; § 24 Absatz 2 und § 24a Absatz 4 gelten entsprechend. Die Aufnahmen sind grundsätzlich offen anzufertigen. Die Polizei und die Feuerwehr können die angefertigten Bildaufnahmen und -aufzeichnungen auch automatisiert auswerten; § 24e Absatz 4 gilt entsprechend. Die §§ 24, 24a und 24e bleiben im Übrigen unberührt."
24g,Einsatz mobiler Sensorträger zur Datenerhebung,P24g-A1,1,"Sind die Voraussetzungen zur Erhebung personenbezogener Daten unter Einsatz technischer Mittel nach Vorschriften dieses Gesetzes erfüllt, kann die Datenerhebung durch die Polizei und die Feuerwehr auch mittels mobiler Sensorträger erfolgen. Dies gilt nicht, sofern die zur Datenerhebung ermächtigende Vorschrift die Art des Einsatzes des technischen Mittels abschließend bestimmt oder den Einsatz mobiler Sensorträger ausschließt."
24g,Einsatz mobiler Sensorträger zur Datenerhebung,P24g-A2,2,"Darf die Erhebung von personenbezogenen Daten nach der ermächtigenden Vorschrift nur offen erfolgen, ist die Offenheit der Maßnahme auch bei dem Einsatz mobiler Sensorträger zu wahren. In diesen Fällen soll auf die Verwendung mobiler Sensorträger gesondert hingewiesen werden."
24h,Einsatz technischer Mittel gegen unbemannte Fahrzeuge oder Geräte,P24h-A1,,"Die Polizei kann technische Mittel gegen ein unbemanntes Fahrzeug oder sonstiges Gerät, welches an Land, in der Luft oder zu Wasser betrieben wird, einschließlich der Steuerungseinheit oder -verbindung einsetzen, wenn tatsächliche Anhaltspunkte für eine von diesem Fahrzeug oder Gerät ausgehende Gefahr für die öffentliche Sicherheit bestehen und andere Maßnahmen, insbesondere gegen die nach den §§ 13 oder 14 Verantwortlichen, aussichtslos oder wesentlich erschwert wären. Die Polizei kann technische Mittel auch zur Erkennung einer Gefahrenlage im Sinne von Satz 1 einsetzen. Soweit erforderlich, kann die Polizei durch Maßnahmen nach den Sätzen 1 und 2 personenbezogene Daten erheben und in Funkverbindungen eingreifen. Die nach dieser Vorschrift erhobenen personenbezogenen Daten sind spätestens einen Monat nach Beendigung der Maßnahme zu löschen, soweit sie nicht nach den Vorschriften des Zweiten Unterabschnitts weiterverarbeitet werden."
25,Datenerhebung durch längerfristige Observation,P25-A1,1,"Die Polizei kann personenbezogene Daten durch eine planmäßig angelegte Beobachtung einer Person, die durchgehend länger als 24 Stunden oder an mehr als zwei Tagen durchgeführt werden soll (längerfristige Observation), erheben über"
25,Datenerhebung durch längerfristige Observation,,,"eine Person,"
25,Datenerhebung durch längerfristige Observation,,,"die nach § 13 oder § 14 verantwortlich ist, wenn dies erforderlich ist zur Abwehr einer Gefahr für den Bestand oder die Sicherheit des Bundes oder eines Landes, für Leib, Leben, Freiheit oder sexuelle Selbstbestimmung einer Person oder für Sachen von bedeutendem Wert, deren Erhaltung im öffentlichen Interesse liegt,"
25,Datenerhebung durch längerfristige Observation,,,"bei der Tatsachen die Annahme rechtfertigen, dass sie innerhalb eines übersehbaren Zeitraums auf eine zumindest ihrer Art nach konkretisierte Weise eine Straftat von erheblicher Bedeutung, die voraussichtlich auch im Einzelfall nach Art und Schwere geeignet ist, den Rechtsfrieden empfindlich zu stören, begehen oder an ihr teilnehmen wird, oder"
25,Datenerhebung durch längerfristige Observation,,,"deren individuelles Verhalten die konkrete Wahrscheinlichkeit begründet, dass sie innerhalb eines übersehbaren Zeitraumes eine terroristische Straftat begehen oder an ihr teilnehmen wird,"
25,Datenerhebung durch längerfristige Observation,,,Kontakt- oder Begleitpersonen der in Nummer 1 genannten Person oder
25,Datenerhebung durch längerfristige Observation,,,"andere Personen unter den Voraussetzungen des § 16 Absatz 1, wenn das zur Abwehr einer gegenwärtigen Gefahr für Leib, Leben, Freiheit oder sexuelle Selbstbestimmung einer Person erforderlich ist."
25,Datenerhebung durch längerfristige Observation,,,"Die Maßnahme ist nur zulässig, wenn die Abwehr der Gefahr oder die Verhütung der Straftat auf andere Weise aussichtslos oder wesentlich erschwert wäre; sie darf nicht außer Verhältnis zur Bedeutung des aufzuklärenden Sachverhalts stehen. Die Maßnahme darf auch durchgeführt werden, wenn andere Personen unvermeidbar betroffen werden."
25,Datenerhebung durch längerfristige Observation,P25-A2,2,"Maßnahmen nach Absatz 1 bedürfen der gerichtlichen Anordnung, die von der Polizeipräsidentin oder dem Polizeipräsidenten oder der Vertretung im Amt zu beantragen ist. Bei Gefahr im Verzug kann die Anordnung durch die Polizeipräsidentin oder den Polizeipräsidenten oder die Vertretung im Amt getroffen werden. Die gerichtliche Bestätigung der Anordnung ist in diesem Fall unverzüglich einzuholen; dies gilt auch, wenn die Maßnahme bereits beendet ist. Die Anordnung tritt außer Kraft, wenn sie nicht binnen drei Werktagen gerichtlich bestätigt wird. In diesem Fall dürfen die bereits erhobenen Daten nicht mehr verwendet werden; sie sind unverzüglich zu löschen. Sind bereits Daten übermittelt worden, die nach Satz 5 zu löschen sind, so ist die empfangende Stelle darüber zu unterrichten. Die Polizeipräsidentin oder der Polizeipräsident kann die Antragsbefugnis auf die Leitung des Landeskriminalamtes sowie die Leitungen der Direktionen und deren jeweilige Vertretung im Amt übertragen."
25,Datenerhebung durch längerfristige Observation,P25-A3,3,"Die Anordnung ist auf höchstens drei Monate zu befristen. Eine Verlängerung um jeweils nicht mehr als drei weitere Monate ist auf Antrag zulässig, soweit die Voraussetzungen der Anordnung fortbestehen. Liegen die Voraussetzungen der Anordnung nicht mehr vor, ist die Maßnahme unverzüglich zu beenden."
25a,Datenerhebung durch den verdeckten Einsatz technischer Mittel außerhalb von Wohnungen,P25a-A1,1,Die Polizei kann unter den Voraussetzungen des § 25 Absatz 1 über die dort genannten Personen personenbezogene Daten durch einen verdeckten Einsatz technischer Mittel
25a,Datenerhebung durch den verdeckten Einsatz technischer Mittel außerhalb von Wohnungen,,,"zur Anfertigung von Bildaufnahmen oder -aufzeichnungen,"
25a,Datenerhebung durch den verdeckten Einsatz technischer Mittel außerhalb von Wohnungen,,,zur Feststellung des Aufenthaltsortes oder der Bewegungen einer Person oder einer beweglichen Sache
25a,Datenerhebung durch den verdeckten Einsatz technischer Mittel außerhalb von Wohnungen,,,"erheben. Darüber hinaus können personenbezogene Daten durch einen verdeckten Einsatz technischer Mittel zur Anfertigung von Bildaufnahmen oder -aufzeichnungen, der nicht durchgehend länger als 24 Stunden oder an mehr als zwei Tagen erfolgt, über eine Person sowie deren Kontakt- und Begleitpersonen auch dann erhoben werden, wenn Tatsachen die Annahme rechtfertigen, dass diese Person innerhalb eines übersehbaren Zeitraums auf eine zumindest ihrer Art nach konkretisierte Weise eine Straftat begehen oder an ihr teilnehmen wird, die Maßnahme zur Verhütung dieser Straftat unerlässlich ist und nicht die Erstellung eines Bewegungsbilds ermöglicht; § 25 Absatz 1 Satz 3 gilt entsprechend."
25a,Datenerhebung durch den verdeckten Einsatz technischer Mittel außerhalb von Wohnungen,P25a-A2,2,"Die Polizei kann unter den Voraussetzungen des § 25 Absatz 1 Satz 1 personenbezogene Daten durch einen verdeckten Einsatz technischer Mittel zum Abhören oder Aufzeichnen des nicht öffentlich gesprochenen Wortes erheben. Dabei gilt § 25 Absatz 1 Satz 1 Nummer 1 Buchstabe b mit der Maßgabe, dass eine konkretisierte Gefahr der Begehung"
25a,Datenerhebung durch den verdeckten Einsatz technischer Mittel außerhalb von Wohnungen,,,einer terroristischen Straftat oder
25a,Datenerhebung durch den verdeckten Einsatz technischer Mittel außerhalb von Wohnungen,,,einer in § 100a Absatz 2 der Strafprozessordnung genannten und auch im Einzelfall voraussichtlich schwerwiegenden Straftat
25a,Datenerhebung durch den verdeckten Einsatz technischer Mittel außerhalb von Wohnungen,,,bestehen muss.
25a,Datenerhebung durch den verdeckten Einsatz technischer Mittel außerhalb von Wohnungen,P25a-A3,3,Maßnahmen nach
25a,Datenerhebung durch den verdeckten Einsatz technischer Mittel außerhalb von Wohnungen,,,"Absatz 1, die jeweils durchgehend länger als 24 Stunden oder an mehr als zwei Tagen durchgeführt werden oder die die Erstellung eines Bewegungsbilds ermöglichen, und"
25a,Datenerhebung durch den verdeckten Einsatz technischer Mittel außerhalb von Wohnungen,,,Absatz 2
25a,Datenerhebung durch den verdeckten Einsatz technischer Mittel außerhalb von Wohnungen,,,"bedürfen der gerichtlichen Anordnung, die von der Polizeipräsidentin oder dem Polizeipräsidenten oder der Vertretung im Amt zu beantragen ist. Bei Gefahr im Verzug kann die Anordnung durch die Polizeipräsidentin oder den Polizeipräsidenten oder die Vertretung im Amt getroffen werden. Die gerichtliche Bestätigung der Anordnung ist in diesem Fall unverzüglich einzuholen; dies gilt auch, wenn die Maßnahme bereits beendet ist. Die Anordnung tritt außer Kraft, wenn sie nicht binnen drei Werktagen gerichtlich bestätigt wird. In diesem Fall dürfen die bereits erhobenen Daten nicht mehr verwendet werden; diese Daten sind unverzüglich zu löschen. Sind bereits Daten übermittelt worden, die nach Satz 5 zu löschen sind, so ist die empfangende Stelle darüber zu unterrichten. Im Übrigen dürfen Maßnahmen nach Absatz 1 nur von der Polizeipräsidentin oder dem Polizeipräsidenten oder der Vertretung im Amt angeordnet werden. Die Polizeipräsidentin oder der Polizeipräsident kann die Antragsbefugnis im Falle von Maßnahmen nach Absatz 1 sowie die Anordnungsbefugnis im Falle von Maßnahmen im Sinne von Satz 7 auf die Leitung des Landeskriminalamtes sowie die Leitungen der Direktionen und deren jeweilige Vertretung im Amt übertragen."
25a,Datenerhebung durch den verdeckten Einsatz technischer Mittel außerhalb von Wohnungen,P25a-A4,4,"Die Anordnung ist auf höchstens drei Monate zu befristen. Eine Verlängerung um jeweils nicht mehr als drei weitere Monate ist auf Antrag zulässig, soweit die Voraussetzungen der Anordnung fortbestehen. Liegen die Voraussetzungen der Anordnung nicht mehr vor, ist die Maßnahme unverzüglich zu beenden."
25a,Datenerhebung durch den verdeckten Einsatz technischer Mittel außerhalb von Wohnungen,P25a-A5,5,"Soll eine Maßnahme nach den Absätzen 1 und 2 ausschließlich zum Schutz von Leib, Leben oder Freiheit der bei einem polizeilichen Einsatz tätigen Personen erfolgen, darf die Maßnahme auch durch die Leitung des Landeskriminalamtes sowie die Leitung einer Direktion oder deren jeweiliger Vertretung im Amt oder durch von dieser besonders beauftragte Beamtinnen oder Beamten des höheren Dienstes angeordnet werden. Eine anderweitige Verwendung der nach Satz 1 erlangten Erkenntnisse ist nur zum Zweck der Strafverfolgung oder der Gefahrenabwehr und nur dann zulässig, wenn zuvor die Rechtmäßigkeit der Maßnahme gerichtlich festgestellt wurde. Bei Gefahr im Verzug kann die Entscheidung nach Satz 2 durch die Polizeipräsidentin oder den Polizeipräsidenten oder die Vertretung im Amt getroffen werden. Absatz 3 Satz 3 bis 6 gilt entsprechend."
25b,Verdeckter Einsatz technischer Mittel zur Erhebung von Daten in oder aus Wohnungen,P25b-A1,1,"Die Polizei kann personenbezogene Daten ohne Kenntnis der betroffenen Personen durch den verdeckten Einsatz technischer Mittel zur Anfertigung von Bildaufnahmen oder -aufzeichnungen und zum Abhören oder Aufzeichnen des nicht öffentlich gesprochenen Wortes in oder aus Wohnungen nur erheben, wenn"
25b,Verdeckter Einsatz technischer Mittel zur Erhebung von Daten in oder aus Wohnungen,,,"das zur Abwehr einer gegenwärtigen Gefahr für den Bestand oder die Sicherheit des Bundes oder eines Landes oder für Leib, Leben oder Freiheit einer Person unerlässlich ist,"
25b,Verdeckter Einsatz technischer Mittel zur Erhebung von Daten in oder aus Wohnungen,,,"sich die Maßnahme gegen eine Person richtet,"
25b,Verdeckter Einsatz technischer Mittel zur Erhebung von Daten in oder aus Wohnungen,,,"die nach § 13 oder § 14 für die Gefahr verantwortlich ist, oder"
25b,Verdeckter Einsatz technischer Mittel zur Erhebung von Daten in oder aus Wohnungen,,,"bei der konkrete Vorbereitungshandlungen für sich oder zusammen mit weiteren Tatsachen die begründete Annahme rechtfertigen, dass sie terroristische Straftaten begehen oder an ihnen teilnehmen wird, und"
25b,Verdeckter Einsatz technischer Mittel zur Erhebung von Daten in oder aus Wohnungen,,,die Daten erhoben werden
25b,Verdeckter Einsatz technischer Mittel zur Erhebung von Daten in oder aus Wohnungen,,,in oder aus der Wohnung der in Nummer 2 genannten Person oder
25b,Verdeckter Einsatz technischer Mittel zur Erhebung von Daten in oder aus Wohnungen,,,"in oder aus Wohnungen anderer Personen, wenn auf Grund von Tatsachen anzunehmen ist, dass sich eine in Nummer 2 genannte Person dort aufhält und eine Datenerhebung allein in oder aus deren Wohnung nicht zur Abwehr der Gefahr führen wird."
25b,Verdeckter Einsatz technischer Mittel zur Erhebung von Daten in oder aus Wohnungen,,,"Die Maßnahmen dürfen auch durchgeführt werden, wenn andere Personen unvermeidbar betroffen werden."
25b,Verdeckter Einsatz technischer Mittel zur Erhebung von Daten in oder aus Wohnungen,P25b-A2,2,"Soweit dies zur Durchführung der Maßnahme erforderlich ist, sind unter den Voraussetzungen des Absatzes 1 auch das verdeckte Durchsuchen von Sachen sowie das verdeckte Betreten und Durchsuchen von Räumlichkeiten der betroffenen Personen zulässig."
25b,Verdeckter Einsatz technischer Mittel zur Erhebung von Daten in oder aus Wohnungen,P25b-A3,3,"Maßnahmen nach Absatz 1 und 2 bedürfen der gerichtlichen Anordnung, die von der Polizeipräsidentin oder dem Polizeipräsidenten oder der Vertretung im Amt zu beantragen ist. Bei Gefahr im Verzug kann die Anordnung durch die Polizeipräsidentin oder den Polizeipräsidenten oder die Vertretung im Amt getroffen werden. Die gerichtliche Bestätigung der Anordnung ist in diesem Fall unverzüglich einzuholen; dies gilt auch, wenn die Maßnahme bereits beendet ist. Die Anordnung tritt außer Kraft, wenn sie nicht binnen drei Werktagen gerichtlich bestätigt wird. In diesem Fall dürfen die bereits erhobenen Daten nicht mehr verwendet werden; diese Daten sind unverzüglich zu löschen. Sind bereits Daten übermittelt worden, die nach Satz 5 zu löschen sind, so ist die empfangende Stelle darüber zu unterrichten."
25b,Verdeckter Einsatz technischer Mittel zur Erhebung von Daten in oder aus Wohnungen,P25b-A4,4,"Die Anordnung nach Absatz 3 ist auf höchstens einen Monat zu befristen. Eine Verlängerung um jeweils nicht mehr als einen weiteren Monat ist auf Antrag zulässig, soweit die Voraussetzungen der Anordnung fortbestehen. Liegen die Voraussetzungen der Anordnung nicht mehr vor, ist die Maßnahme unverzüglich zu beenden."
25b,Verdeckter Einsatz technischer Mittel zur Erhebung von Daten in oder aus Wohnungen,P25b-A5,5,"Das anordnende Gericht ist fortlaufend über den Verlauf der Maßnahme, ihre Ergebnisse, die auf diesen beruhenden weiteren Maßnahmen sowie die Beendigung der Maßnahme zu unterrichten. Sämtliche mit einer Maßnahme nach Absatz 1 erhobenen personenbezogenen Daten sind dem anordnenden Gericht zudem unverzüglich vorzulegen und dürfen bis zu der Entscheidung des Gerichts nicht verwendet werden. Das Gericht entscheidet unverzüglich über die Verwertbarkeit oder Löschung dieser Daten zum Schutz des Kernbereichs privater Lebensgestaltung nach § 27a Absatz 1 und 3 sowie zum Schutz zeugnisverweigerungsberechtigter Berufsgeheimnisträgerinnen und Berufsgeheimnisträger nach § 18a; es unterrichtet die Polizei unverzüglich über den Inhalt der verwertbaren Daten. § 27a Absatz 5 gilt entsprechend."
25b,Verdeckter Einsatz technischer Mittel zur Erhebung von Daten in oder aus Wohnungen,P25b-A6,6,"Erfolgt eine Maßnahme nach Absatz 1 ausschließlich zum Schutz von Leib, Leben oder Freiheit der bei einem polizeilichen Einsatz tätigen Personen, darf die Maßnahme auch durch die Leitung des Landeskriminalamtes sowie die Leitung einer Direktion oder deren jeweiliger Vertretung im Amt oder durch von dieser besonders beauftragte Beamtinnen oder Beamten des höheren Dienstes angeordnet werden. Eine anderweitige Verwendung der nach Satz 1 erlangten Erkenntnisse ist nur zum Zweck der Strafverfolgung oder der Gefahrenabwehr und nur dann zulässig, wenn zuvor die Rechtmäßigkeit der Maßnahme gerichtlich festgestellt wurde. Bei Gefahr im Verzug kann die Entscheidung nach Satz 2 durch die Polizeipräsidentin oder den Polizeipräsidenten oder die Vertretung im Amt getroffen werden. Absatz 3 Satz 4 bis 6 gilt entsprechend."
25c,"Datenerhebung durch Personen, deren Zusammenarbeit mit der Polizei Dritten nicht bekannt ist, und durch Verdeckte Ermittler",P25c-A1,1,Die Polizei kann personenbezogene Daten unter den in § 25 Absatz 1 Satz 1 Nummer 1 und 2 genannten Voraussetzungen durch
25c,"Datenerhebung durch Personen, deren Zusammenarbeit mit der Polizei Dritten nicht bekannt ist, und durch Verdeckte Ermittler",,,"Personen, deren Zusammenarbeit mit ihr Dritten nicht bekannt ist (V-Personen),"
25c,"Datenerhebung durch Personen, deren Zusammenarbeit mit der Polizei Dritten nicht bekannt ist, und durch Verdeckte Ermittler",,,"Polizeivollzugsbeamte, die unter einer Legende eingesetzt werden (Verdeckte Ermittler),"
25c,"Datenerhebung durch Personen, deren Zusammenarbeit mit der Polizei Dritten nicht bekannt ist, und durch Verdeckte Ermittler",,,"erheben, wenn die Abwehr der Gefahr oder die Verhütung der Straftat auf andere Weise aussichtslos oder wesentlich erschwert wäre und die Maßnahme nicht außer Verhältnis zur Bedeutung des aufzuklärenden Sachverhalts steht. Die Maßnahme darf auch durchgeführt werden, wenn andere Personen unvermeidbar betroffen werden."
25c,"Datenerhebung durch Personen, deren Zusammenarbeit mit der Polizei Dritten nicht bekannt ist, und durch Verdeckte Ermittler",P25c-A2,2,"Soweit es für den Aufbau oder zur Aufrechterhaltung der Legende unerlässlich ist, dürfen entsprechende Urkunden hergestellt oder verändert werden. Verdeckte Ermittler dürfen unter der Legende zur Erfüllung ihres Auftrages am Rechtsverkehr teilnehmen."
25c,"Datenerhebung durch Personen, deren Zusammenarbeit mit der Polizei Dritten nicht bekannt ist, und durch Verdeckte Ermittler",P25c-A3,3,Verdeckte Ermittler dürfen unter ihrer Legende mit Einwilligung der berechtigten Person deren Wohnung betreten. Die Einwilligung darf nicht durch ein über die Nutzung der Legende hinausgehendes Vortäuschen eines Zutrittsrechts herbeigeführt werden. Eine heimliche Durchsuchung ist unzulässig. Im Übrigen richten sich die Befugnisse Verdeckter Ermittler nach diesem Gesetz oder anderen Rechtsvorschriften.
25c,"Datenerhebung durch Personen, deren Zusammenarbeit mit der Polizei Dritten nicht bekannt ist, und durch Verdeckte Ermittler",P25c-A4,4,"Maßnahmen nach Absatz 1 Nummer 1, die sich gegen eine bestimmte Person richten, bedürfen der gerichtlichen Anordnung, die von der Polizeipräsidentin oder dem Polizeipräsidenten oder der Vertretung im Amt zu beantragen ist. Gleiches gilt für Maßnahmen nach Absatz 1 Nummer 2, die sich gegen eine bestimmte Person richten oder in deren Rahmen der Verdeckte Ermittler auch zum Betreten nicht allgemein zugänglicher Wohnungen befugt sein soll. Bei Gefahr im Verzug kann die Anordnung durch die Polizeipräsidentin oder den Polizeipräsidenten oder die Vertretung im Amt getroffen werden. Die gerichtliche Bestätigung der Anordnung ist in diesem Fall unverzüglich einzuholen; dies gilt auch, wenn die Maßnahme bereits beendet ist. Die Anordnung tritt außer Kraft, wenn sie nicht binnen drei Werktagen gerichtlich bestätigt wird. In diesem Fall dürfen die bereits erhobenen Daten nicht mehr verwendet werden; diese Daten sind unverzüglich zu löschen. Sind bereits Daten übermittelt worden, die nach Satz 5 zu löschen sind, so ist die empfangende Stelle darüber zu unterrichten. Im Übrigen dürfen Maßnahmen nach Absatz 1 durch die Polizeipräsidentin oder den Polizeipräsidenten oder die Vertretung im Amt angeordnet werden. Die Anordnung ist bei Maßnahmen nach Absatz 1 Nummer 1 auf höchstens sechs Monate, bei Maßnahmen nach Absatz 1 Nummer 2 auf höchstens ein Jahr zu befristen. Die Anordnung einer Maßnahme nach Absatz 1 Nummer 1 kann um jeweils höchstens sechs Monate, die Anordnung einer Maßnahme nach Absatz 1 Nummer 2 um jeweils höchstens ein Jahr verlängert werden, soweit die Voraussetzungen der Anordnung fortbestehen. Liegen die Voraussetzungen der Anordnung nicht mehr vor, ist die Maßnahme unverzüglich zu beenden."
26,Datenerhebung durch Telekommunikationsüberwachung,P26-A1,1,"Die Polizei kann ohne Wissen der betroffenen Person deren Telekommunikation überwachen und aufzeichnen, wenn"
26,Datenerhebung durch Telekommunikationsüberwachung,,,"die Person nach den §§ 13 oder 14 verantwortlich ist, und die Maßnahme zur Abwehr einer dringenden Gefahr für den Bestand oder die Sicherheit des Bundes oder eines Landes, für Leib, Leben, Freiheit oder sexuelle Selbstbestimmung einer Person oder für Sachen von bedeutendem Wert, deren Erhaltung im öffentlichen Interesse liegt, geboten ist,"
26,Datenerhebung durch Telekommunikationsüberwachung,,,"Tatsachen die Annahme rechtfertigen, dass die Person innerhalb eines übersehbaren Zeitraums auf eine zumindest ihrer Art nach konkretisierte Weise"
26,Datenerhebung durch Telekommunikationsüberwachung,,,eine terroristische Straftat oder
26,Datenerhebung durch Telekommunikationsüberwachung,,,eine in § 100b Absatz 2 der Strafprozessordnung genannte und voraussichtlich auch im Einzelfall besonders schwerwiegende Straftat
26,Datenerhebung durch Telekommunikationsüberwachung,,,"begehen oder an ihr teilnehmen wird,"
26,Datenerhebung durch Telekommunikationsüberwachung,,,"das individuelle Verhalten der Person die konkrete Wahrscheinlichkeit begründet, dass sie innerhalb eines übersehbaren Zeitraumes eine terroristische Straftat begehen oder an ihr teilnehmen wird, oder"
26,Datenerhebung durch Telekommunikationsüberwachung,,,"Tatsachen die Annahme rechtfertigen, dass"
26,Datenerhebung durch Telekommunikationsüberwachung,,,"die Person Mitteilungen, die für eine in den Nummern 1 bis 3 genannte Person bestimmt sind oder die von dieser herrühren, entgegennimmt oder weitergibt, oder"
26,Datenerhebung durch Telekommunikationsüberwachung,,,der Telekommunikationsanschluss oder das Endgerät der Person von einer in den Nummern 1 bis 3 genannten Person genutzt wird.
26,Datenerhebung durch Telekommunikationsüberwachung,,,"Die Maßnahme ist nur zulässig, wenn die Abwehr der Gefahr oder die Verhütung der Straftat auf andere Weise aussichtslos oder wesentlich erschwert wäre; sie darf nicht außer Verhältnis zur Bedeutung des aufzuklärenden Sachverhalts stehen. Die Maßnahme darf auch durchgeführt werden, wenn andere Personen unvermeidbar betroffen werden."
26,Datenerhebung durch Telekommunikationsüberwachung,P26-A2,2,"Die Maßnahme bedarf der gerichtlichen Anordnung, die von der Polizeipräsidentin oder dem Polizeipräsidenten oder der Vertretung im Amt zu beantragen ist. Bei Gefahr im Verzug kann die Anordnung durch die Polizeipräsidentin oder den Polizeipräsidenten oder die Vertretung im Amt getroffen werden. Die gerichtliche Bestätigung der Anordnung ist in diesem Fall unverzüglich einzuholen. Die Anordnung tritt außer Kraft, wenn sie nicht binnen drei Werktagen gerichtlich bestätigt wird. In diesem Fall dürfen die bereits erhobenen Daten nicht mehr verwendet werden; sie sind unverzüglich zu löschen. Sind bereits Daten übermittelt worden, die nach Satz 5 zu löschen sind, so ist die empfangende Stelle darüber zu unterrichten."
26,Datenerhebung durch Telekommunikationsüberwachung,P26-A3,3,"Die Anordnung ist auf höchstens drei Monate zu befristen. Eine Verlängerung um jeweils nicht mehr als drei weitere Monate ist auf Antrag zulässig, soweit die Voraussetzungen der Anordnung fortbestehen. Liegen die Voraussetzungen der Anordnung nicht mehr vor, ist die Maßnahme unverzüglich zu beenden."
26,Datenerhebung durch Telekommunikationsüberwachung,P26-A4,4,"Auf Grund der Anordnung hat jeder, der geschäftsmäßig Telekommunikationsdienste erbringt oder daran mitwirkt, der Polizei die Maßnahme zu ermöglichen und die erforderlichen Auskünfte unverzüglich zu erteilen."
26a,Datenerhebung durch Telekommunikationsüberwachung informationstechnischer Systeme,P26a-A1,1,"Maßnahmen nach § 26 Absatz 1 können in der Weise erfolgen, dass mit technischen Mitteln in von den genannten Personen genutzte informationstechnische Systeme eingegriffen wird, wenn"
26a,Datenerhebung durch Telekommunikationsüberwachung informationstechnischer Systeme,,,"Tatsachen die Annahme rechtfertigen, dass die Person innerhalb eines übersehbaren Zeitraums auf eine zumindest ihrer Art nach konkretisierte Weise"
26a,Datenerhebung durch Telekommunikationsüberwachung informationstechnischer Systeme,,,eine terroristische Straftat oder
26a,Datenerhebung durch Telekommunikationsüberwachung informationstechnischer Systeme,,,"eine in § 100b Absatz 2 der Strafprozessordnung genannte und voraussichtlich auch im Einzelfall besonders schwerwiegende Straftat organisiert, insbesondere banden-, gewerbs- oder serienmäßig,"
26a,Datenerhebung durch Telekommunikationsüberwachung informationstechnischer Systeme,,,"begehen oder an ihr teilnehmen wird,"
26a,Datenerhebung durch Telekommunikationsüberwachung informationstechnischer Systeme,,,"das individuelle Verhalten einer Person die konkrete Wahrscheinlichkeit begründet, dass sie innerhalb eines übersehbaren Zeitraums eine terroristische Straftat begehen oder an ihr teilnehmen wird, oder"
26a,Datenerhebung durch Telekommunikationsüberwachung informationstechnischer Systeme,,,"Tatsachen die Annahme rechtfertigen, dass"
26a,Datenerhebung durch Telekommunikationsüberwachung informationstechnischer Systeme,,,"die Person Mitteilungen, die für eine in den Nummern 1 oder 2 genannte Person bestimmt sind oder die von dieser herrühren, entgegennimmt oder weitergibt, oder"
26a,Datenerhebung durch Telekommunikationsüberwachung informationstechnischer Systeme,,,"der Telekommunikationsanschluss oder das Endgerät der Person von einer in den Nummern 1 oder 2 genannten Person genutzt wird,"
26a,Datenerhebung durch Telekommunikationsüberwachung informationstechnischer Systeme,,,"und der Eingriff notwendig ist, um die Telekommunikation insbesondere in unverschlüsselter Form überwachen und aufzeichnen zu können."
26a,Datenerhebung durch Telekommunikationsüberwachung informationstechnischer Systeme,P26a-A2,2,"Es ist technisch sicherzustellen, dass"
26a,Datenerhebung durch Telekommunikationsüberwachung informationstechnischer Systeme,,,"ausschließlich laufende Telekommunikation überwacht und aufgezeichnet wird,"
26a,Datenerhebung durch Telekommunikationsüberwachung informationstechnischer Systeme,,,"an dem informationstechnischen System nur Veränderungen vorgenommen werden, die für die Datenerhebung unerlässlich sind, und"
26a,Datenerhebung durch Telekommunikationsüberwachung informationstechnischer Systeme,,,"die vorgenommenen Veränderungen bei Beendigung der Maßnahme, soweit technisch möglich, automatisiert rückgängig gemacht werden."
26a,Datenerhebung durch Telekommunikationsüberwachung informationstechnischer Systeme,,,"Das eingesetzte Mittel ist nach dem Stand der Technik gegen unbefugte Nutzung zu schützen. Kopierte Daten sind nach dem Stand der Technik gegen Veränderung, unbefugte Löschung und unbefugte Kenntnisnahme zu schützen."
26a,Datenerhebung durch Telekommunikationsüberwachung informationstechnischer Systeme,P26a-A3,3,"Soweit dies zur Durchführung der Maßnahme erforderlich ist, sind verdeckte Durchsuchungen von Sachen sowie das verdeckte Betreten und Durchsuchen von Räumlichkeiten der betroffenen Personen zulässig. Hierfür gilt § 26 Absatz 2 entsprechend."
26b,Datenerhebung durch verdeckten Eingriff in informationstechnische Systeme,P26b-A1,1,Unter den gleichen Voraussetzungen wie in § 26a Absatz 1 kann die Polizei durch den verdeckten Einsatz technischer Mittel in von einer in § 26a Absatz 1 Nummer 1 oder 2 genannten Person genutzte informationstechnische Systeme eingreifen und aus ihnen Daten erheben.
26b,Datenerhebung durch verdeckten Eingriff in informationstechnische Systeme,P26b-A2,2,"In informationstechnische Systeme anderer Personen darf die Maßnahme nur eingreifen, wenn Tatsachen die Annahme rechtfertigen, dass eine in § 26a Absatz 1 Nummer 1 oder 2 genannte Person dort relevante Informationen speichert, und die Maßnahme zur Abwehr der Gefahr oder zur Verhütung der Straftat unerlässlich ist."
26b,Datenerhebung durch verdeckten Eingriff in informationstechnische Systeme,P26b-A3,3,"Die Maßnahme ist nur zulässig, wenn die Abwehr der Gefahr oder die Verhütung der Straftat auf andere Weise aussichtslos oder wesentlich erschwert wäre; sie darf nicht außer Verhältnis zur Bedeutung des aufzuklärenden Sachverhalts stehen. Die Maßnahme darf auch durchgeführt werden, wenn andere Personen unvermeidbar betroffen werden."
26b,Datenerhebung durch verdeckten Eingriff in informationstechnische Systeme,P26b-A4,4,"Soweit dies zur Durchführung der Maßnahme erforderlich ist, kann die Polizei unter den dort genannten Voraussetzungen technische Mittel einsetzen, um erforderliche Verkehrsdaten, insbesondere spezifische Kennungen oder Standortdaten eines informationstechnischen Systems, zu erheben. Personenbezogene Daten Dritter dürfen dabei nur erhoben werden, wenn dies aus technischen Gründen unvermeidbar ist. Nach Beendigung der Maßnahme sind diese personenbezogenen Daten Dritter unverzüglich zu löschen. Die Löschung ist zu dokumentieren."
26b,Datenerhebung durch verdeckten Eingriff in informationstechnische Systeme,P26b-A5,5,"Soweit dies zur Durchführung der Maßnahme erforderlich ist, sind verdeckte Durchsuchungen von Sachen sowie das verdeckte Betreten und Durchsuchen von Räumlichkeiten der betroffenen Personen zulässig."
26b,Datenerhebung durch verdeckten Eingriff in informationstechnische Systeme,P26b-A6,6,"Die Maßnahmen nach den Absätzen 1 bis 5 bedürfen der gerichtlichen Anordnung, die von der Polizeipräsidentin oder dem Polizeipräsidenten oder der Vertretung im Amt zu beantragen ist. Bei Gefahr im Verzug kann die Anordnung durch die Polizeipräsidentin oder den Polizeipräsidenten oder die Vertretung im Amt getroffen werden. Die gerichtliche Bestätigung der Anordnung ist in diesem Fall unverzüglich einzuholen. Die Anordnung tritt außer Kraft, wenn sie nicht binnen drei Werktagen gerichtlich bestätigt wird. In diesem Fall dürfen die bereits erhobenen Daten nicht mehr verwendet werden; sie sind unverzüglich zu löschen. Sind bereits Daten übermittelt worden, die nach Satz 5 zu löschen sind, so ist die empfangende Stelle darüber zu unterrichten."
26b,Datenerhebung durch verdeckten Eingriff in informationstechnische Systeme,P26b-A7,7,"Die Anordnung ist auf höchstens einen Monat zu befristen. Eine Verlängerung um jeweils nicht mehr als einen weiteren Monat ist auf Antrag zulässig, soweit die Voraussetzungen der Anordnung fortbestehen. Liegen die Voraussetzungen der Anordnung nicht mehr vor, ist die Maßnahme unverzüglich zu beenden."
26b,Datenerhebung durch verdeckten Eingriff in informationstechnische Systeme,P26b-A8,8,Sämtliche mit einer Maßnahme nach Absatz 1 erhobenen personenbezogenen Daten sind dem anordnenden Gericht unverzüglich vorzulegen und dürfen bis zu der Entscheidung des Gerichts nicht verwendet werden. Das Gericht entscheidet unverzüglich über die Verwertbarkeit oder Löschung dieser Daten zum Schutz des Kernbereichs privater Lebensgestaltung nach § 27a Absatz 1 und 3 sowie zum Schutz zeugnisverweigerungsberechtigter Berufsgeheimnisträgerinnen und Berufsgeheimnisträger nach § 18a; es unterrichtet die Polizei unverzüglich über den Inhalt der verwertbaren Daten. § 27a Absatz 5 gilt entsprechend.
26b,Datenerhebung durch verdeckten Eingriff in informationstechnische Systeme,P26b-A9,9,§ 26 Absatz 4 und § 26a Absatz 2 Satz 1 Nummer 2 und 3 sowie Satz 2 und 3 gelten entsprechend.
26c,Bestandsdatenauskunft,P26c-A1,1,Die Polizei kann Auskunft verlangen
26c,Bestandsdatenauskunft,,,"von demjenigen, der Telekommunikationsdienste erbringt (Telekommunikationsdiensteanbieter) oder daran mitwirkt, über Bestandsdaten im Sinne des § 3 Nummer 6, § 172 des Telekommunikationsgesetzes,"
26c,Bestandsdatenauskunft,,,"von demjenigen, der eigene oder fremde digitale Dienste erbringt, an der Erbringung mitwirkt oder den Zugang zur Nutzung von eigenen oder fremden digitalen Diensten vermittelt (Anbieter von digitalen Diensten), über Bestandsdaten im Sinne des § 2 Absatz 2 Nummer 2 des Telekommunikation-Digitale-Dienste-Datenschutz-Gesetzes."
26c,Bestandsdatenauskunft,P26c-A2,2,"Die Auskunft darf nur verlangt werden, soweit die Daten im Einzelfall erforderlich sind"
26c,Bestandsdatenauskunft,,,"zur Abwehr einer Gefahr für die öffentliche Sicherheit,"
26c,Bestandsdatenauskunft,,,"zum Schutz von Bestand oder Sicherheit des Bundes oder eines Landes, von Leib, Leben, Freiheit oder sexueller Selbstbestimmung einer Person, von Sachen von bedeutendem Wert, deren Erhaltung im öffentlichen Interesse liegt, oder von nicht unerheblichen Sachwerten, wenn Tatsachen den Schluss auf ein wenigstens seiner Art nach konkretisiertes sowie zeitlich absehbares Geschehen zulassen, an dem bestimmte Personen beteiligt sein werden,"
26c,Bestandsdatenauskunft,,,"zum Schutz von Bestand oder Sicherheit des Bundes oder eines Landes, von Leib, Leben, Freiheit oder sexueller Selbstbestimmung einer Person, von Sachen von bedeutendem Wert, deren Erhaltung im öffentlichen Interesse liegt, wenn das individuelle Verhalten einer Person die konkrete Wahrscheinlichkeit begründet, dass sie in einem übersehbaren Zeitraum eine gegen ein solches Rechtsgut gerichtete Straftat begehen wird,"
26c,Bestandsdatenauskunft,,,"zur Verhütung einer Straftat von erheblicher Bedeutung, sofern Tatsachen die Annahme rechtfertigen, dass eine Person innerhalb eines übersehbaren Zeitraums auf eine ihrer Art nach konkretisierte Weise eine solche Straftat begehen oder an ihr teilnehmen wird, oder"
26c,Bestandsdatenauskunft,,,"zur Verhütung einer in § 100a Absatz 2 der Strafprozessordnung bezeichneten schweren Straftat, sofern das individuelle Verhalten einer Person die konkrete Wahrscheinlichkeit begründet, dass die Person innerhalb eines übersehbaren Zeitraums die Tat begehen wird."
26c,Bestandsdatenauskunft,,,"Werden Bestandsdaten zur Vorbereitung oder Durchführung einer anderweitigen Maßnahme benötigt, darf die Auskunft nur verlangt werden, wenn zudem im Einzelfall die gesetzlichen Voraussetzungen für die konkret beabsichtigte Nutzung der Daten im Zeitpunkt des Auskunftsverlangens vorliegen."
26c,Bestandsdatenauskunft,P26c-A3,3,"Bezieht sich ein Auskunftsverlangen auf Daten, mittels derer der Zugriff auf Endgeräte oder auf Speichereinrichtungen, die in diesen Endgeräten oder hiervon räumlich getrennt eingesetzt werden, geschützt wird, darf Auskunft über Bestandsdaten nach Absatz 1 Nummer 1 nur unter den Voraussetzungen des Absatzes 2 und nur dann verlangt werden, wenn im Einzelfall im Zeitpunkt des Ersuchens auch die gesetzlichen Voraussetzungen für die konkret beabsichtigte Nutzung der Daten vorliegen. Auskunft nach Absatz 1 Nummer 2 über Passwörter oder andere Daten, mittels derer der Zugriff auf Endgeräte oder auf Speichereinrichtungen, die in diesen Endgeräten oder hiervon räumlich getrennt eingesetzt werden, geschützt wird, darf nur verlangt werden"
26c,Bestandsdatenauskunft,,,"zur Abwehr einer Gefahr für den Bestand des Bundes oder eines Landes, für Leib, Leben, Freiheit oder sexuelle Selbstbestimmung einer Person oder für Sachen von bedeutendem Wert, deren Erhaltung im öffentlichen Interesse liegt, und"
26c,Bestandsdatenauskunft,,,wenn im Einzelfall die gesetzlichen Voraussetzungen für die konkret beabsichtigte Nutzung der Daten im Zeitpunkt des Auskunftsverlangens vorliegen.
26c,Bestandsdatenauskunft,P26c-A4,4,"Die Auskunft kann auch anhand einer zu einem bestimmten Zeitpunkt zugewiesenen Internetprotokoll-Adresse verlangt werden,"
26c,Bestandsdatenauskunft,,,"soweit dies im Einzelfall erforderlich ist, bei"
26c,Bestandsdatenauskunft,,,"Bestandsdaten nach Absatz 1 Nummer 1 zur Abwehr einer Gefahr für den Bestand oder die Sicherheit des Bundes oder eines Landes, für Leib, Leben, Freiheit oder sexuelle Selbstbestimmung einer Person, für Sachen von bedeutendem Wert, deren Erhaltung im öffentlichen Interesse liegt, oder für nicht unerhebliche Sachwerte oder zur Verhütung einer Straftat,"
26c,Bestandsdatenauskunft,,,"Bestandsdaten nach Absatz 1 Nummer 2 zur Abwehr einer Gefahr für den Bestand oder die Sicherheit des Bundes oder eines Landes, für Leib, Leben, Freiheit oder sexuelle Selbstbestimmung einer Person, für Sachen von bedeutendem Wert, deren Erhaltung im öffentlichen Interesse liegt, oder für nicht unerhebliche Sachwerte oder zur Verhütung einer Straftat,"
26c,Bestandsdatenauskunft,,,bei
26c,Bestandsdatenauskunft,,,"Bestandsdaten nach Absatz 1 Nummer 1 zum Schutz des Bestandes oder der Sicherheit des Bundes oder eines Landes, von Leib, Leben, Freiheit oder sexueller Selbstbestimmung einer Person oder von Sachen von bedeutendem Wert, deren Erhaltung im öffentlichen Interesse liegt, oder zur Verhütung einer in § 100a Absatz 2 der Strafprozessordnung bezeichneten schweren Straftat,"
26c,Bestandsdatenauskunft,,,"Bestandsdaten nach Absatz 1 Nummer 2 zum Schutz des Bestandes oder der Sicherheit des Bundes oder eines Landes, von Leib, Leben, Freiheit oder sexueller Selbstbestimmung einer Person, von Sachen von bedeutendem Wert, deren Erhaltung im öffentlichen Interesse liegt, oder zum Schutz nicht unerheblicher Sachwerte oder zur Verhütung einer in § 100a Absatz 2 der Strafprozessordnung bezeichneten schweren Straftat,"
26c,Bestandsdatenauskunft,,,"wenn im Einzelfall Tatsachen den Schluss auf ein wenigstens seiner Art nach konkretisiertes sowie zeitlich absehbares Geschehen zulassen, an dem bestimmte Personen beteiligt sein werden, oder"
26c,Bestandsdatenauskunft,,,bei
26c,Bestandsdatenauskunft,,,"Bestandsdaten nach Absatz 1 Nummer 1 zum Schutz des Bestandes oder der Sicherheit des Bundes oder eines Landes, von Leib, Leben, Freiheit oder sexueller Selbstbestimmung einer Person oder von Sachen von bedeutendem Wert, deren Erhaltung im öffentlichen Interesse liegt, oder zur Verhütung einer in § 100a Absatz 2 der Strafprozessordnung bezeichneten schweren Straftat,"
26c,Bestandsdatenauskunft,,,"Bestandsdaten nach Absatz 1 Nummer 2 zum Schutz des Bestandes oder der Sicherheit des Bundes oder eines Landes, von Leib, Leben, Freiheit oder sexueller Selbstbestimmung einer Person oder von Sachen von bedeutendem Wert, deren Erhaltung im öffentlichen Interesse liegt, oder zur Verhütung einer in § 100a Absatz 2 der Strafprozessordnung bezeichneten schweren Straftat,"
26c,Bestandsdatenauskunft,,,"wenn im Einzelfall das individuelle Verhalten einer Person eine konkrete Wahrscheinlichkeit begründet, dass die Person in einem übersehbaren Zeitraum eine solche Gefährdung verursachen wird."
26c,Bestandsdatenauskunft,,,"Die Auskunft darf bei Satz 1 Nummer 2 Buchstabe b und Nummer 3 Buchstabe b nur dann verlangt werden, wenn tatsächliche Anhaltspunkte dafür vorliegen, dass die betroffene Person Nutzerin oder Nutzer des digitalen Dienstes ist, bei dem die Daten erhoben werden sollen."
26c,Bestandsdatenauskunft,P26c-A5,5,"Auskunftsverlangen nach Absatz 3 bedürfen der gerichtlichen Anordnung, die von der Polizeipräsidentin oder dem Polizeipräsidenten oder der Vertretung im Amt zu beantragen ist. Bei Gefahr im Verzug kann die Anordnung durch die Polizeipräsidentin oder den Polizeipräsidenten oder die Vertretung im Amt getroffen werden. Die gerichtliche Bestätigung der Anordnung ist in diesem Fall unverzüglich einzuholen. Die Anordnung tritt außer Kraft, wenn sie nicht binnen drei Werktagen gerichtlich bestätigt wird. In diesem Fall dürfen die bereits erhobenen Daten nicht mehr verwendet werden; sie sind unverzüglich zu löschen. Sind bereits Daten übermittelt worden, die nach Satz 5 zu löschen sind, so ist die empfangende Stelle darüber zu unterrichten. Einer gerichtlichen Anordnung bedarf es im Falle von Bestandsdaten nach Absatz 3 Satz 1 nicht, wenn die betroffene Person von dem Auskunftsverlangen bereits Kenntnis hat oder haben muss oder wenn die Verarbeitung der Daten bereits durch eine gerichtliche Entscheidung gestattet wird. Das Vorliegen der Voraussetzungen nach Satz 7 ist aktenkundig zu machen."
26c,Bestandsdatenauskunft,P26c-A6,6,§ 26 Absatz 3 gilt entsprechend.
26c,Bestandsdatenauskunft,P26c-A7,7,Die rechtlichen und tatsächlichen Grundlagen der Auskunftsverlangen nach den Absätzen 1 bis 4 sind aktenkundig zu machen. Im Auskunftsverlangen ist die jeweilige Rechtsgrundlage des Ersuchens anzugeben. Die Anbieter haben die verlangten Daten auf dem angegebenen Weg unverzüglich und unter Berücksichtigung sämtlicher unternehmensinterner Datenquellen vollständig zu übermitteln.
26d,Erhebung von Verkehrs- und Nutzungsdaten; Unterbrechung der Telekommunikation,P26d-A1,1,"Unter den Voraussetzungen des § 26 Absatz 1 kann die Polizei von jedem Telekommunikationsdiensteanbieter oder demjenigen, der an der Erbringung von Telekommunikationsdiensten mitwirkt, verlangen, ihr vorhandene oder zukünftig anfallende Verkehrsdaten, auch in Echtzeit, der dort genannten Personen zu übermitteln. Verkehrsdaten sind alle Daten nach § 9 Absatz 1 Satz 1 des Telekommunikation-Digitale-Dienste-Datenschutz-Gesetzes."
26d,Erhebung von Verkehrs- und Nutzungsdaten; Unterbrechung der Telekommunikation,P26d-A2,2,"Unter den gleichen Voraussetzungen kann die Polizei technische Mittel einsetzen, um die spezifischen Kennungen, insbesondere die Geräte- und Kartennummer, von Mobilfunkendgeräten oder den Standort eines Mobilfunkendgerätes zu ermitteln."
26d,Erhebung von Verkehrs- und Nutzungsdaten; Unterbrechung der Telekommunikation,P26d-A3,3,"Zur Abwehr einer gegenwärtigen Gefahr für Leib, Leben, Freiheit oder sexuelle Selbstbestimmung einer gefährdeten, vermissten oder sonst in hilfloser Lage befindlichen Person können die Polizei und die Feuerwehr Maßnahmen nach den Absätzen 1 und 2 treffen, um den Standort eines Telekommunikationsendgerätes dieser Person zu ermitteln. Unter den gleichen Voraussetzungen kann der Standort eines Telekommunikationsendgerätes einer anderen als der in § 26 Absatz 1 Satz 1 genannten Person ermittelt werden, wenn Tatsachen die Annahme rechtfertigen, dass sie sich am selben Ort aufhält wie die gefährdete, vermisste oder sonst in hilfloser Lage befindliche Person, sofern eine Ortung des Telekommunikationsendgerätes jener Person nicht möglich ist oder nicht geeignet erscheint, um die Gefahr abzuwehren. Die Maßnahmen sind nur zulässig, wenn die Abwehr der Gefahr auf andere Weise aussichtslos oder wesentlich erschwert wäre. Sie dürfen auch durchgeführt werden, wenn andere Personen unvermeidbar betroffen werden. § 164 Absatz 1 des Telekommunikationsgesetzes und § 46a Absatz 4 bleiben unberührt."
26d,Erhebung von Verkehrs- und Nutzungsdaten; Unterbrechung der Telekommunikation,P26d-A4,4,Unter den Voraussetzungen des § 26 Absatz 1 Satz 1 Nummer 1 und 3 sowie Satz 2 kann die Polizei
26d,Erhebung von Verkehrs- und Nutzungsdaten; Unterbrechung der Telekommunikation,,,"von jedem Telekommunikationsdiensteanbieter oder demjenigen, der an der Erbringung von Telekommunikationsdiensten mitwirkt, verlangen, Telekommunikationsverbindungen zu unterbrechen, zu verhindern oder die Verfügungsgewalt darüber in anderer geeigneter Weise zu entziehen, oder"
26d,Erhebung von Verkehrs- und Nutzungsdaten; Unterbrechung der Telekommunikation,,,"technische Mittel einsetzen, um Telekommunikationsverbindungen zu unterbrechen, zu verhindern oder die Verfügungsgewalt darüber in anderer geeigneter Weise zu entziehen."
26d,Erhebung von Verkehrs- und Nutzungsdaten; Unterbrechung der Telekommunikation,,,"Hierbei dürfen personenbezogene Daten Dritter nur erhoben und Telekommunikationsverbindungen Dritter nur unterbrochen oder verhindert werden, wenn dies zur Durchführung der Maßnahme unvermeidbar ist und nicht außer Verhältnis zum Zweck der Maßnahme steht. Bei der Maßnahme erhobene Daten sind zu löschen, sobald sie nicht mehr benötigt werden."
26d,Erhebung von Verkehrs- und Nutzungsdaten; Unterbrechung der Telekommunikation,P26d-A5,5,"Die Polizei kann von jedem Anbieter digitaler Dienste verlangen, ihr vorhandene und zukünftig anfallende Nutzungsdaten im Sinne des § 2 Absatz 2 Nummer 3 des Telekommunikation-Digitale-Dienste-Datenschutz-Gesetzes der in § 26 Absatz 1 Satz 1 genannten Personen, auch in Echtzeit, zu übermitteln, soweit die Daten im Einzelfall erforderlich sind"
26d,Erhebung von Verkehrs- und Nutzungsdaten; Unterbrechung der Telekommunikation,,,zur Abwehr einer Gefahr
26d,Erhebung von Verkehrs- und Nutzungsdaten; Unterbrechung der Telekommunikation,,,"für die öffentliche Sicherheit, wobei die Auskunft auf die Merkmale zur Identifikation des Nutzers oder der Nutzerin beschränkt ist, oder"
26d,Erhebung von Verkehrs- und Nutzungsdaten; Unterbrechung der Telekommunikation,,,"für den Bestand oder die Sicherheit des Bundes oder eines Landes, für Leib, Leben, Freiheit oder sexuelle Selbstbestimmung einer Person, für Sachen von bedeutendem Wert, deren Erhaltung im öffentlichen Interesse liegt, oder für nicht unerhebliche Sachwerte,"
26d,Erhebung von Verkehrs- und Nutzungsdaten; Unterbrechung der Telekommunikation,,,"zum Schutz des Bestandes oder der Sicherheit des Bundes oder eines Landes, für Leib, Leben, Freiheit oder sexuelle Selbstbestimmung einer Person, für Sachen von bedeutendem Wert, deren Erhaltung im öffentlichen Interesse liegt, oder für nicht unerhebliche Sachwerte, wenn Tatsachen den Schluss auf ein wenigstens seiner Art nach konkretisiertes sowie zeitlich absehbares Geschehen zulassen, an dem bestimmte Personen beteiligt sein werden,"
26d,Erhebung von Verkehrs- und Nutzungsdaten; Unterbrechung der Telekommunikation,,,"zum Schutz des Bestandes oder der Sicherheit des Bundes oder eines Landes, für Leib, Leben, Freiheit oder sexuelle Selbstbestimmung einer Person oder für Sachen von bedeutendem Wert, deren Erhaltung im öffentlichen Interesse liegt, wenn das individuelle Verhalten einer Person die konkrete Wahrscheinlichkeit begründet, dass sie in einem übersehbaren Zeitraum eine gegen ein solches Rechtsgut gerichtete Straftat begehen wird,"
26d,Erhebung von Verkehrs- und Nutzungsdaten; Unterbrechung der Telekommunikation,,,"zur Verhütung einer Straftat von erheblicher Bedeutung, die voraussichtlich auch im Einzelfall nach Art und Schwere geeignet ist, den Rechtsfrieden empfindlich zu stören, sofern Tatsachen die Annahme rechtfertigen, dass eine Person innerhalb eines übersehbaren Zeitraums auf eine ihrer Art nach konkretisierte Weise eine solche Straftat begehen oder an ihr teilnehmen wird, oder"
26d,Erhebung von Verkehrs- und Nutzungsdaten; Unterbrechung der Telekommunikation,,,"zur Verhütung einer in § 100a Absatz 2 der Strafprozessordnung bezeichneten und voraussichtlich auch im Einzelfall schwerwiegenden Straftat, sofern das individuelle Verhalten einer Person die konkrete Wahrscheinlichkeit begründet, dass sie diese innerhalb eines übersehbaren Zeitraumes begehen wird."
26d,Erhebung von Verkehrs- und Nutzungsdaten; Unterbrechung der Telekommunikation,P26d-A6,6,"Maßnahmen nach den Absätzen 1, 2 und 3 Satz 2 sowie den Absätzen 4 und 5 bedürfen der gerichtlichen Anordnung, die von der Polizeipräsidentin oder dem Polizeipräsidenten oder der Vertretung im Amt zu beantragen ist. Bei Gefahr im Verzug kann die Anordnung durch die Polizeipräsidentin oder den Polizeipräsidenten oder die Vertretung im Amt getroffen werden. Die gerichtliche Bestätigung der Anordnung ist in diesem Fall unverzüglich einzuholen. Die Anordnung tritt außer Kraft, wenn sie nicht binnen drei Werktagen gerichtlich bestätigt wird. In diesem Fall dürfen die bereits erhobenen Daten nicht mehr verwendet werden; sie sind unverzüglich zu löschen. Sind bereits Daten übermittelt worden, die nach Satz 5 zu löschen sind, so ist die empfangende Stelle darüber zu unterrichten. Maßnahmen nach Absatz 3 Satz 1 werden durch eine Beamtin oder einen Beamten des höheren Dienstes angeordnet. Erforderlichkeit und Zweck der Maßnahme sind durch die anordnende Beamtin oder den anordnenden Beamten zu dokumentieren."
26d,Erhebung von Verkehrs- und Nutzungsdaten; Unterbrechung der Telekommunikation,P26d-A7,7,"Die Anordnung nach Absatz 4 ist auf höchstens drei Tage zu befristen. Eine Verlängerung um jeweils nicht mehr als drei weitere Tage ist auf Antrag zulässig, soweit die Voraussetzungen der Anordnung fortbestehen. Liegen die Voraussetzungen der Anordnung nicht mehr vor, ist die Maßnahme unverzüglich zu beenden. Für die übrigen in dieser Vorschrift behandelten Anordnungen gilt § 26 Absatz 3 entsprechend."
26d,Erhebung von Verkehrs- und Nutzungsdaten; Unterbrechung der Telekommunikation,P26d-A8,8,§ 26 Absatz 4 gilt entsprechend.
26e,Funkzellenabfrage,P26e-A1,1,"Die Polizei kann ohne Wissen der Betroffenen von jedem Telekommunikationsdiensteanbieter oder demjenigen, der an der Erbringung von Telekommunikationsdiensten mitwirkt, verlangen, ihr alle in einem bestimmten Zeitraum in einem bestimmten örtlichen Bereich in Funkzellen angefallenen Telekommunikationsverkehrsdaten zu übermitteln, soweit die Daten im Einzelfall erforderlich sind,"
26e,Funkzellenabfrage,,,"um eine dringende Gefahr für den Bestand oder die Sicherheit des Bundes oder eines Landes, für Leib, Leben, Freiheit oder sexuelle Selbstbestimmung einer Person, soweit diese durch Straftatbestände geschützt ist, bei denen die Tat mit Freiheitsstrafe nicht unter sechs Monaten bedroht ist, oder für Sachen von bedeutendem Wert, deren Erhaltung im öffentlichen Interesse liegt, abzuwehren,"
26e,Funkzellenabfrage,,,"sofern Tatsachen die Annahme rechtfertigen, dass eine Person innerhalb eines übersehbaren Zeitraums auf eine zumindest ihrer Art nach konkretisierte Weise eine in § 100g Absatz 2 Satz 2 der Strafprozessordnung bezeichnete und voraussichtlich auch im Einzelfall besonders schwerwiegende Straftat begehen oder an ihr teilnehmen wird, oder"
26e,Funkzellenabfrage,,,"sofern das individuelle Verhalten einer Person die konkrete Wahrscheinlichkeit begründet, dass sie innerhalb eines übersehbaren Zeitraumes eine terroristische Straftat begehen oder an ihr teilnehmen wird."
26e,Funkzellenabfrage,,,"Die Maßnahme ist nur zulässig, wenn die Abwehr der Gefahr oder die Verhütung der Straftat auf andere Weise aussichtslos oder wesentlich erschwert wäre und die Maßnahme nicht außer Verhältnis zur Bedeutung des aufzuklärenden Sachverhalts steht."
26e,Funkzellenabfrage,P26e-A2,2,"Die Maßnahme bedarf der gerichtlichen Anordnung, die von der Polizeipräsidentin oder dem Polizeipräsidenten oder der Vertretung im Amt zu beantragen ist. Bei Gefahr im Verzug kann die Anordnung durch die Polizeipräsidentin oder den Polizeipräsidenten oder die Vertretung im Amt getroffen werden. Die gerichtliche Bestätigung der Anordnung ist in diesem Fall unverzüglich einzuholen. Die Anordnung tritt außer Kraft, wenn sie nicht binnen drei Werktagen gerichtlich bestätigt wird. In diesem Fall dürfen die bereits erhobenen Daten nicht mehr verwendet werden; sie sind unverzüglich zu löschen. Sind bereits Daten übermittelt worden, die nach Satz 5 zu löschen sind, so ist die empfangende Stelle darüber zu unterrichten."
26e,Funkzellenabfrage,P26e-A3,3,"Die Anordnung ist auf höchstens zehn Tage zu befristen. Eine Verlängerung um jeweils nicht mehr als weitere zehn Tage ist auf Antrag zulässig, soweit die Voraussetzungen der Anordnung fortbestehen. Liegen die Voraussetzungen der Anordnung nicht mehr vor, ist die Maßnahme unverzüglich zu beenden."
26e,Funkzellenabfrage,P26e-A4,4,Die verlangten Daten sind der Polizei unverzüglich und vollständig zu übermitteln. § 26 Absatz 4 gilt entsprechend.
27,"Ausschreibung zur polizeilichen Beobachtung, zur Ermittlungsanfrage und zur gezielten Kontrolle; Durchführung der polizeilichen Beobachtung",P27-A1,1,"Die Polizei kann personenbezogene Daten, insbesondere die Personalien einer Person, amtliche Kennzeichen und sonstige Merkmale von Kraftfahrzeugen unabhängig von der Antriebsart, Daten über Anhänger mit einem Leergewicht von mehr als 750 Kilogramm, Wohnwagen, Wasserfahrzeuge, Container, Luftfahrzeuge, Schusswaffen, amtliche oder gefälschte Blankodokumente, amtliche oder gefälschte Identitätsdokumente und bargeldlose Zahlungsmittel sowie den Anlass der Ausschreibung in einer als Teil des polizeilichen Fahndungstatbestandes geführten Datei speichern, damit andere Polizeibehörden sowie, soweit sie Aufgaben der Grenzkontrolle wahrnehmen, die Zollbehörden"
27,"Ausschreibung zur polizeilichen Beobachtung, zur Ermittlungsanfrage und zur gezielten Kontrolle; Durchführung der polizeilichen Beobachtung",,,"Erkenntnisse über Ort und Zeit des Antreffens der Person, etwaiger Begleitpersonen, des Fahrzeugs, in dem diese sich befinden, und der dieses führenden Person, mitgeführte Sachen oder die oben genannten Sachen sowie bargeldlose Zahlungsmittel und Umstände des Antreffens bei Gelegenheit einer Überprüfung aus anderem Anlass melden (Ausschreibung zur polizeilichen Beobachtung),"
27,"Ausschreibung zur polizeilichen Beobachtung, zur Ermittlungsanfrage und zur gezielten Kontrolle; Durchführung der polizeilichen Beobachtung",,,"eine Befragung der Person auf der Grundlage von Informationen oder spezifischen Fragen, die von der Polizei zur Erforschung des Sachverhalts in die Ausschreibung aufgenommen wurden, nach Maßgabe der geltenden Rechtsvorschriften vornehmen (Ausschreibung zur Ermittlungsanfrage) oder"
27,"Ausschreibung zur polizeilichen Beobachtung, zur Ermittlungsanfrage und zur gezielten Kontrolle; Durchführung der polizeilichen Beobachtung",,,"die Person, das Fahrzeug, in dem diese sich befindet, und die dieses führende Person, mitgeführte Sachen oder die oben genannten Sachen sowie bargeldlose Zahlungsmittel nach Maßgabe der geltenden Rechtsvorschriften durchsuchen (Ausschreibung zur gezielten Kontrolle)."
27,"Ausschreibung zur polizeilichen Beobachtung, zur Ermittlungsanfrage und zur gezielten Kontrolle; Durchführung der polizeilichen Beobachtung",P27-A2,2,"Eine Personenausschreibung zur polizeilichen Beobachtung, zur Ermittlungsanfrage oder zur gezielten Kontrolle ist zulässig bezüglich"
27,"Ausschreibung zur polizeilichen Beobachtung, zur Ermittlungsanfrage und zur gezielten Kontrolle; Durchführung der polizeilichen Beobachtung",,,"einer Person, bei der Tatsachen die Annahme rechtfertigen, dass sie innerhalb eines übersehbaren Zeitraums auf eine zumindest ihrer Art nach konkretisierte Weise eine Straftat von erheblicher Bedeutung begehen wird,"
27,"Ausschreibung zur polizeilichen Beobachtung, zur Ermittlungsanfrage und zur gezielten Kontrolle; Durchführung der polizeilichen Beobachtung",,,"einer Person, bei der das Verhalten die konkrete Wahrscheinlichkeit begründet, dass sie innerhalb eines übersehbaren Zeitraumes eine terroristische Straftat begehen wird, oder"
27,"Ausschreibung zur polizeilichen Beobachtung, zur Ermittlungsanfrage und zur gezielten Kontrolle; Durchführung der polizeilichen Beobachtung",,,"einer Person, deren Gesamtwürdigung und ihre bisher begangenen Straftaten erwarten lassen, dass sie künftig Straftaten von erheblicher Bedeutung begehen wird,"
27,"Ausschreibung zur polizeilichen Beobachtung, zur Ermittlungsanfrage und zur gezielten Kontrolle; Durchführung der polizeilichen Beobachtung",,,soweit die Maßnahme zur Verhütung der Straftaten erforderlich ist.
27,"Ausschreibung zur polizeilichen Beobachtung, zur Ermittlungsanfrage und zur gezielten Kontrolle; Durchführung der polizeilichen Beobachtung",P27-A3,3,"Eine Ausschreibung der in Absatz 1 genannten Sachen oder bargeldlosen Zahlungsmittel zur polizeilichen Beobachtung oder gezielten Kontrolle ist zulässig, wenn Tatsachen die Annahme rechtfertigen, dass sie im Zusammenhang mit Straftaten im Sinne von Absatz 2 stehen. Unter den gleichen Voraussetzungen können diese Ausschreibungen mit Personenausschreibungen nach Absatz 2 verknüpft werden."
27,"Ausschreibung zur polizeilichen Beobachtung, zur Ermittlungsanfrage und zur gezielten Kontrolle; Durchführung der polizeilichen Beobachtung",P27-A4,4,"Beim Antreffen einer zur polizeilichen Beobachtung ausgeschriebenen Person oder Sache können erlangte Erkenntnisse über Ort und Zeit des Antreffens der Person, Anlass der Überprüfung, Reiseweg und Reiseziel, gemeinsam mit der ausgeschriebenen Person angetroffene Personen oder Insassen des Fahrzeugs sowie mitgeführte Sachen an die ausschreibende Polizeidienststelle übermittelt werden. Beim Antreffen einer zur gezielten Kontrolle ausgeschriebenen Person oder Sache können zusätzlich auch solche aus Maßnahmen nach den §§ 34 und 35 übermittelt werden. Beim Antreffen einer zur Ermittlungsanfrage ausgeschriebenen Person können zusätzlich Erkenntnisse aus Maßnahmen nach § 18 übermittelt werden."
27,"Ausschreibung zur polizeilichen Beobachtung, zur Ermittlungsanfrage und zur gezielten Kontrolle; Durchführung der polizeilichen Beobachtung",P27-A5,5,"Eine Personenausschreibung darf nur durch die Polizeipräsidentin oder den Polizeipräsidenten oder die Vertretung im Amt angeordnet werden. Die Anordnung ergeht schriftlich oder elektronisch und ist auf höchstens zwölf Monate zu befristen. Spätestens nach Ablauf von sechs Monaten ist zu prüfen, ob die Voraussetzungen für die Anordnung noch bestehen. Das Ergebnis dieser Prüfung ist zu dokumentieren. Die Verlängerung der Laufzeit einer Personenausschreibung zur polizeilichen Beobachtung über insgesamt zwölf Monate hinaus bedarf der gerichtlichen Anordnung."
27,"Ausschreibung zur polizeilichen Beobachtung, zur Ermittlungsanfrage und zur gezielten Kontrolle; Durchführung der polizeilichen Beobachtung",P27-A6,6,"Liegen die Voraussetzungen für die Ausschreibung nicht mehr vor, ist der Zweck der Maßnahme erreicht oder zeigt sich, dass er nicht erreicht werden kann, ist die Ausschreibung unverzüglich zu löschen."
27a,Schutz des Kernbereichs privater Lebensgestaltung bei verdeckten Datenerhebungsmaßnahmen,P27a-A1,1,"Verdeckte Maßnahmen der Erhebung personenbezogener Daten, die in den Kernbereich privater Lebensgestaltung eingreifen, sind unzulässig. Äußerungen und Gespräche über begangene Straftaten und Verabredungen oder Aufforderungen zu Straftaten sowie solche mit unmittelbarem Bezug zu der für die Maßnahmen Anlass gebenden Gefahr sind in der Regel nicht dem Kernbereich privater Lebensgestaltung zuzurechnen."
27a,Schutz des Kernbereichs privater Lebensgestaltung bei verdeckten Datenerhebungsmaßnahmen,P27a-A2,2,"Maßnahmen nach den §§ 25, 25a, 25c, 26, 26a, 26b und 26d dürfen nur angeordnet werden, wenn nicht tatsächliche Anhaltspunkte für die Annahme vorliegen, dass allein Erkenntnisse aus dem Kernbereich privater Lebensgestaltung erlangt werden oder dass die Maßnahme anderweitig in den Kernbereich privater Lebensgestaltung eingreifen wird. Vor Durchführung von Maßnahmen nach §§ 25c und 26b ist unter Berücksichtigung der informations- und ermittlungstechnischen Möglichkeiten sicherzustellen, dass die Erhebung von Erkenntnissen aus dem Kernbereich privater Lebensgestaltung unterbleibt, es sei denn, dass dies mit einem trotz des Gewichts des Eingriffs unverhältnismäßigem Aufwand verbunden wäre. Bei Maßnahmen nach § 25c haben die eingesetzte Person sowie polizeiliche Führungspersonen vor Weitergabe erhobener Daten zu prüfen, ob die Daten oder die Art und Weise ihrer Erhebung den Kernbereich privater Lebensgestaltung berühren. Bestehen bei der Prüfung nach Satz 3 Zweifel, entscheiden besonders beauftragte Dienstkräfte des höheren Dienstes im Einvernehmen mit der oder dem behördlichen Datenschutzbeauftragten über die Verwertbarkeit oder Löschung der Daten; Absatz 5 Satz 3 gilt entsprechend."
27a,Schutz des Kernbereichs privater Lebensgestaltung bei verdeckten Datenerhebungsmaßnahmen,P27a-A3,3,"Maßnahmen nach § 25b dürfen nur angeordnet werden, wenn auf Grund tatsächlicher Anhaltspunkte, insbesondere der Art der zu überwachenden Räumlichkeiten und des Verhältnisses der zu überwachenden Personen zueinander, anzunehmen ist, dass durch die Überwachung keine personenbezogenen Daten erfasst werden, die dem Kernbereich privater Lebensgestaltung zuzurechnen sind. Gespräche in Betriebs- oder Geschäftsräumen sind in der Regel nicht dem Kernbereich privater Lebensgestaltung zuzurechnen. Eine Durchführung von Maßnahmen nach § 25b allein mittels automatisierter Aufzeichnung ist unzulässig."
27a,Schutz des Kernbereichs privater Lebensgestaltung bei verdeckten Datenerhebungsmaßnahmen,P27a-A4,4,"Ergeben sich bei der Durchführung einer Maßnahme tatsächliche Anhaltspunkte, dass Inhalte erfasst werden, die dem Kernbereich privater Lebensgestaltung zuzurechnen sind, oder dass die Maßnahme anderweitig in den Kernbereich privater Lebensgestaltung eingreift, ist sie unverzüglich zu unterbrechen oder zu beenden,"
27a,Schutz des Kernbereichs privater Lebensgestaltung bei verdeckten Datenerhebungsmaßnahmen,,,"sobald dies ohne Gefährdung von Leib, Leben oder weiterer Verwendung der bei der Durchführung einer polizeilichen Maßnahme tätigen Personen möglich ist und"
27a,Schutz des Kernbereichs privater Lebensgestaltung bei verdeckten Datenerhebungsmaßnahmen,,,soweit sich die Erfassung kernbereichsrelevanter Inhalte bei der Durchführung einer Maßnahme mit praktisch zu bewältigendem Aufwand erkennen und vermeiden lässt.
27a,Schutz des Kernbereichs privater Lebensgestaltung bei verdeckten Datenerhebungsmaßnahmen,,,"Unterbleibt eine Beendigung oder Unterbrechung auf Grund einer Gefährdung nach Satz 1 Nummer 1, sind die Tatsache des Eindringens in den Kernbereich privater Lebensgestaltung sowie die Gründe und näheren Umstände der Fortsetzung der Maßnahme zu dokumentieren; Absatz 6 Satz 2 bis 4 gilt entsprechend. Erlangte kernbereichsrelevante Daten dürfen nicht weiterverarbeitet werden. Unterbrochene Maßnahmen dürfen fortgesetzt werden, wenn zu erwarten ist, dass die Gründe, die zu ihrer Unterbrechung geführt haben, nicht mehr vorliegen. Wurde eine Maßnahme nach § 25c wegen einer Gefährdung nach Satz 1 Nummer 1 unterbrochen oder beendet oder unterblieb die Beendigung oder Unterbrechung gefährdungsbedingt, sind die erhobenen Daten und die Durchführung der Maßnahme auf ihre Kernbereichsrelevanz zu prüfen; Absatz 2 Satz 4 gilt entsprechend. Bestehen bei der Durchführung von Maßnahmen nach den §§ 25, 25a, 25b, 26 und 26a Zweifel an der Kernbereichsrelevanz der zu erhebenden Daten, darf anstelle des Abbruchs oder der Unterbrechung eine automatisierte Aufzeichnung fortgesetzt werden. Die automatisierte Aufzeichnung ist dem anordnenden Gericht unverzüglich zur Entscheidung über die Verwertbarkeit oder Löschung vorzulegen und darf bis zu dieser Entscheidung nicht verwendet werden; § 25b Absatz 5 bleibt unberührt. Wurden personenbezogene Daten im Falle der in Satz 6 genannten Maßnahmen nicht im Wege einer automatisierten Aufzeichnung erhoben und bestehen im Nachhinein Zweifel, ob diese Daten dem Kernbereich privater Lebensgestaltung zuzurechnen sind, gilt Satz 7 entsprechend."
27a,Schutz des Kernbereichs privater Lebensgestaltung bei verdeckten Datenerhebungsmaßnahmen,P27a-A5,5,"Bei Gefahr im Verzug kann die Polizeipräsidentin oder der Polizeipräsident oder die Vertretung im Amt im Benehmen mit der oder dem behördlichen Datenschutzbeauftragten der Polizei über die Verwertung von Erkenntnissen im Sinne von Absatz 4 Satz 5 und 7 entscheiden. Bei der hierfür vorzunehmenden Sichtung der erhobenen Daten kann sie oder er sich der Unterstützung von besonders beauftragten Dienstkräften des höheren Dienstes bedienen. Diese Dienstkräfte sind zur Verschwiegenheit über die ihnen bekannt werdenden Erkenntnisse, die nicht verwertet werden dürfen, verpflichtet. Die gerichtliche Entscheidung nach Absatz 4 Satz 5 und 7 ist unverzüglich nachzuholen. Lehnt das Gericht die Verwertung der Erkenntnisse ab, dürfen die bereits erhobenen Daten nicht mehr verwendet werden; diese Daten sind unverzüglich zu löschen; Absatz 6 gilt entsprechend. Sind bereits Daten übermittelt worden, die nach Satz 5 zu löschen sind, so ist die empfangende Stelle darüber zu unterrichten."
27a,Schutz des Kernbereichs privater Lebensgestaltung bei verdeckten Datenerhebungsmaßnahmen,P27a-A6,6,"Personenbezogene Daten, die dem Kernbereich privater Lebensgestaltung zuzurechnen sind, dürfen nicht verwertet werden und sind unverzüglich zu löschen. Wurden personenbezogene Daten, die dem Kernbereich privater Lebensgestaltung zuzurechnen sind, durch Maßnahmen gewonnen, sind die Tatsachen ihrer Erhebung und Löschung zu dokumentieren. Die Dokumentation darf ausschließlich zur Datenschutzkontrolle nach § 51b verwendet werden. Sie ist sechs Monate nach Benachrichtigung nach § 27d Absatz 1 oder sechs Monate nach Erteilung der gerichtlichen Zustimmung über das endgültige Absehen von der Benachrichtigung nach § 27d Absatz 3 Satz 5 zu löschen. Ist die Datenschutzkontrolle nach Ablauf der in Satz 3 genannten Fristen noch nicht beendet, ist die Dokumentation bis zu deren Abschluss aufzubewahren."
27b,Inhalt von Antrag und Anordnung bei eingriffsintensiven verdeckten Datenerhebungsmaßnahmen; Geltung landesfremder gerichtlicher Anordnungen,P27b-A1,1,"Bedarf eine Maßnahme nach den §§ 25 bis 27, 28a und 47 gerichtlicher Anordnung, sind im Antrag anzugeben:"
27b,Inhalt von Antrag und Anordnung bei eingriffsintensiven verdeckten Datenerhebungsmaßnahmen; Geltung landesfremder gerichtlicher Anordnungen,,,"die Person, gegen die sich die Maßnahme richtet, soweit möglich, mit Namen und Anschrift,"
27b,Inhalt von Antrag und Anordnung bei eingriffsintensiven verdeckten Datenerhebungsmaßnahmen; Geltung landesfremder gerichtlicher Anordnungen,,,"bei Maßnahmen nach § 25b Absatz 1 und 3 zudem die Wohnung oder Räume, in oder aus denen Daten erhoben werden, sowie die Art der durch die Maßnahme zu erhebenden Daten,"
27b,Inhalt von Antrag und Anordnung bei eingriffsintensiven verdeckten Datenerhebungsmaßnahmen; Geltung landesfremder gerichtlicher Anordnungen,,,"bei Maßnahmen nach § 26 Absatz 1, § 26a Absatz 1, § 26c Absatz 4 Satz 1, § 26d Absatz 1 zudem, soweit möglich, die Rufnummer oder eine andere Kennung des Telekommunikationsanschlusses oder des Endgerätes, wobei eine räumlich und zeitlich hinreichende Bezeichnung der Telekommunikation genügt, sofern anderenfalls die Erreichung des Zwecks der Maßnahme aussichtslos oder wesentlich erschwert wäre,"
27b,Inhalt von Antrag und Anordnung bei eingriffsintensiven verdeckten Datenerhebungsmaßnahmen; Geltung landesfremder gerichtlicher Anordnungen,,,"bei Maßnahmen nach § 26a Absatz 1 und 3, § 26b Absatz 1 bis 5 zudem die wesentlichen Gründe dafür, dass der Eingriff in das informationstechnische System notwendig ist, eine möglichst genaue Bezeichnung des informationstechnischen Systems, auf das zugegriffen werden soll, und, soweit möglich, auch eine Bezeichnung der Sachen und die Anschrift der Räumlichkeiten der betroffenen Person,"
27b,Inhalt von Antrag und Anordnung bei eingriffsintensiven verdeckten Datenerhebungsmaßnahmen; Geltung landesfremder gerichtlicher Anordnungen,,,"bei Maßnahmen nach § 26d Absatz 4 und § 26e Absatz 1 Satz 1 zudem die Rufnummer oder eine andere Kennung des Anschlusses oder des Endgerätes, dessen Telekommunikation unterbrochen, verhindert oder erhoben werden soll, im Falle einer Unkenntnis der Rufnummer oder einer Kennung die möglichst genaue räumliche und zeitliche Bezeichnung der Telekommunikationsverbindungen, die unterbrochen, verhindert oder erhoben werden sollen, sofern anderenfalls die Erreichung des Zwecks der Maßnahme aussichtslos oder wesentlich erschwert wäre,"
27b,Inhalt von Antrag und Anordnung bei eingriffsintensiven verdeckten Datenerhebungsmaßnahmen; Geltung landesfremder gerichtlicher Anordnungen,,,"bei Maßnahmen nach § 26d Absatz 5 anstelle der Rufnummer, soweit möglich, eine eindeutige Kennung des Nutzerkontos der betroffenen Person, ansonsten eine möglichst genaue Bezeichnung des digitalen Dienstes, auf den sich das Auskunftsverlangen bezieht,"
27b,Inhalt von Antrag und Anordnung bei eingriffsintensiven verdeckten Datenerhebungsmaßnahmen; Geltung landesfremder gerichtlicher Anordnungen,,,bei Maßnahmen nach § 28a Absatz 1 Satz 1 zudem
27b,Inhalt von Antrag und Anordnung bei eingriffsintensiven verdeckten Datenerhebungsmaßnahmen; Geltung landesfremder gerichtlicher Anordnungen,,,"die Person, zu deren Identifizierung oder Aufenthaltsermittlung die Maßnahme angeordnet wird,"
27b,Inhalt von Antrag und Anordnung bei eingriffsintensiven verdeckten Datenerhebungsmaßnahmen; Geltung landesfremder gerichtlicher Anordnungen,,,"die biometrischen Daten aus dem Vorgang, die dieser Person zuzuordnen sind und die zum Abgleich herangezogen werden sollen,"
27b,Inhalt von Antrag und Anordnung bei eingriffsintensiven verdeckten Datenerhebungsmaßnahmen; Geltung landesfremder gerichtlicher Anordnungen,,,"die eingesetzte automatisierte Anwendung zur Datenverarbeitung,"
27b,Inhalt von Antrag und Anordnung bei eingriffsintensiven verdeckten Datenerhebungsmaßnahmen; Geltung landesfremder gerichtlicher Anordnungen,,,"bei Maßnahmen nach § 47 Absatz 1 zudem die Maßnahmen zur Gewährleistung der Datensicherheit der erhobenen Daten, wobei die jeweilige Errichtungsanordnung nach § 49, die Risikoanalyse und das Datenschutzkonzept nach § 50 Absatz 4 des Berliner Datenschutzgesetzes beizufügen sind,"
27b,Inhalt von Antrag und Anordnung bei eingriffsintensiven verdeckten Datenerhebungsmaßnahmen; Geltung landesfremder gerichtlicher Anordnungen,,,"Art, Umfang und Dauer der Maßnahme, bei Maßnahmen nach § 26e Absatz 1 Satz 1 unter Benennung ihres Endzeitpunktes,"
27b,Inhalt von Antrag und Anordnung bei eingriffsintensiven verdeckten Datenerhebungsmaßnahmen; Geltung landesfremder gerichtlicher Anordnungen,,,"der Sachverhalt,"
27b,Inhalt von Antrag und Anordnung bei eingriffsintensiven verdeckten Datenerhebungsmaßnahmen; Geltung landesfremder gerichtlicher Anordnungen,,,"eine Begründung, die insbesondere Ausführungen zur Verhältnismäßigkeit der beantragten Maßnahme enthält; sollen personenbezogene Daten einer Person durch mehrere zeitgleiche Maßnahmen im Sinne dieses Absatzes erhoben werden, ist ein dadurch im Einzelfall erhöhtes Eingriffsgewicht der Maßnahmen zu berücksichtigen; entsprechendes gilt hinsichtlich der Dauer einer zu beantragenden Maßnahme."
27b,Inhalt von Antrag und Anordnung bei eingriffsintensiven verdeckten Datenerhebungsmaßnahmen; Geltung landesfremder gerichtlicher Anordnungen,,,"Dies gilt entsprechend für den Antrag auf gerichtliche Bestätigung einer polizeilichen Anordnung, die wegen Gefahr im Verzug ergangen ist."
27b,Inhalt von Antrag und Anordnung bei eingriffsintensiven verdeckten Datenerhebungsmaßnahmen; Geltung landesfremder gerichtlicher Anordnungen,P27b-A2,2,Die gerichtliche Anordnung einer in Absatz 1 bezeichneten Maßnahme und die gerichtliche Bestätigung einer polizeilichen Anordnung einer solchen Maßnahme wegen Gefahr im Verzug ergehen schriftlich. Hierbei sind anzugeben:
27b,Inhalt von Antrag und Anordnung bei eingriffsintensiven verdeckten Datenerhebungsmaßnahmen; Geltung landesfremder gerichtlicher Anordnungen,,,"die Person, gegen die sich die Maßnahme richtet, soweit möglich, mit Namen und Anschrift,"
27b,Inhalt von Antrag und Anordnung bei eingriffsintensiven verdeckten Datenerhebungsmaßnahmen; Geltung landesfremder gerichtlicher Anordnungen,,,"bei Maßnahmen nach § 25b Absatz 1 und 3 zudem die Wohnung oder Räume, in oder aus denen Daten erhoben werden, sowie die Art der durch die Maßnahme zu erhebenden Daten,"
27b,Inhalt von Antrag und Anordnung bei eingriffsintensiven verdeckten Datenerhebungsmaßnahmen; Geltung landesfremder gerichtlicher Anordnungen,,,"bei Maßnahmen nach § 26 Absatz 1, § 26a Absatz 1, § 26c Absatz 4 Satz 1, § 26d Absatz 1 zudem, soweit möglich, die Rufnummer oder eine andere Kennung des Telekommunikationsanschlusses oder des Endgerätes, wobei eine räumlich und zeitlich hinreichende Bezeichnung der Telekommunikation genügt, sofern anderenfalls die Erreichung des Zwecks der Maßnahme aussichtslos oder wesentlich erschwert wäre,"
27b,Inhalt von Antrag und Anordnung bei eingriffsintensiven verdeckten Datenerhebungsmaßnahmen; Geltung landesfremder gerichtlicher Anordnungen,,,"bei Maßnahmen nach § 26a Absatz 1 und 3, § 26b Absatz 1 bis 5 zudem eine möglichst genaue Bezeichnung des informationstechnischen Systems, auf das zugegriffen werden soll, und, soweit möglich, auch eine Bezeichnung der Sachen und die Anschrift der Räumlichkeiten der betroffenen Person,"
27b,Inhalt von Antrag und Anordnung bei eingriffsintensiven verdeckten Datenerhebungsmaßnahmen; Geltung landesfremder gerichtlicher Anordnungen,,,"bei Maßnahmen nach § 26d Absatz 4 und § 26e Absatz 2 zudem die Rufnummer oder eine andere Kennung des Anschlusses oder des Endgerätes, dessen Telekommunikation unterbrochen, verhindert oder erhoben werden soll, im Falle einer Unkenntnis der Rufnummer oder einer Kennung die möglichst genaue räumliche und zeitliche Bezeichnung der Telekommunikationsverbindungen, die unterbrochen, verhindert oder erhoben werden sollen, sofern anderenfalls die Erreichung des Zwecks der Maßnahme aussichtslos oder wesentlich erschwert wäre,"
27b,Inhalt von Antrag und Anordnung bei eingriffsintensiven verdeckten Datenerhebungsmaßnahmen; Geltung landesfremder gerichtlicher Anordnungen,,,"bei Maßnahmen nach § 26d Absatz 5 anstelle der Rufnummer, soweit möglich, eine eindeutige Kennung des Nutzerkontos der betroffenen Person, ansonsten eine möglichst genaue Bezeichnung des digitalen Dienstes, auf den sich das Auskunftsverlangen bezieht,"
27b,Inhalt von Antrag und Anordnung bei eingriffsintensiven verdeckten Datenerhebungsmaßnahmen; Geltung landesfremder gerichtlicher Anordnungen,,,bei Maßnahmen nach § 28a Absatz 1 Satz 1 zudem
27b,Inhalt von Antrag und Anordnung bei eingriffsintensiven verdeckten Datenerhebungsmaßnahmen; Geltung landesfremder gerichtlicher Anordnungen,,,"die Person, zu deren Identifizierung oder Aufenthaltsermittlung die Maßnahme angeordnet wird,"
27b,Inhalt von Antrag und Anordnung bei eingriffsintensiven verdeckten Datenerhebungsmaßnahmen; Geltung landesfremder gerichtlicher Anordnungen,,,"die biometrischen Daten aus dem Vorgang, die dieser Person zuzuordnen sind und die zum Abgleich herangezogen werden sollen,"
27b,Inhalt von Antrag und Anordnung bei eingriffsintensiven verdeckten Datenerhebungsmaßnahmen; Geltung landesfremder gerichtlicher Anordnungen,,,"die eingesetzte automatisierte Anwendung zur Datenverarbeitung,"
27b,Inhalt von Antrag und Anordnung bei eingriffsintensiven verdeckten Datenerhebungsmaßnahmen; Geltung landesfremder gerichtlicher Anordnungen,,,"bei Maßnahmen nach § 47 Absatz 1 zudem die zur Übermittlung verpflichtete Stelle sowie alle benötigten Daten und Merkmale,"
27b,Inhalt von Antrag und Anordnung bei eingriffsintensiven verdeckten Datenerhebungsmaßnahmen; Geltung landesfremder gerichtlicher Anordnungen,,,"Art, Umfang und Dauer der Maßnahme, bei Maßnahmen nach § 26e Absatz 1 Satz 1 unter Benennung ihres Endzeitpunktes,"
27b,Inhalt von Antrag und Anordnung bei eingriffsintensiven verdeckten Datenerhebungsmaßnahmen; Geltung landesfremder gerichtlicher Anordnungen,,,"der Sachverhalt,"
27b,Inhalt von Antrag und Anordnung bei eingriffsintensiven verdeckten Datenerhebungsmaßnahmen; Geltung landesfremder gerichtlicher Anordnungen,,,"die wesentlichen Gründe einschließlich der wesentlichen Abwägungsgesichtspunkte; sollen personenbezogene Daten einer Person durch mehrere zeitgleiche Maßnahmen im Sinne dieses Absatzes erhoben werden, ist ein dadurch im Einzelfall erhöhtes Eingriffsgewicht der Maßnahmen zu berücksichtigen; entsprechendes gilt hinsichtlich der Dauer einer zu beantragenden Maßnahme."
27b,Inhalt von Antrag und Anordnung bei eingriffsintensiven verdeckten Datenerhebungsmaßnahmen; Geltung landesfremder gerichtlicher Anordnungen,,,Bei Gefahr im Verzug kann die Anordnung auch mündlich erfolgen. In diesem Fall ist eine schriftliche Dokumentation der Anordnung nach Maßgabe von Satz 2 unverzüglich nachzuholen. Satz 3 gilt nicht für die Anordnung einer Maßnahme nach § 47 Absatz 1.
27b,Inhalt von Antrag und Anordnung bei eingriffsintensiven verdeckten Datenerhebungsmaßnahmen; Geltung landesfremder gerichtlicher Anordnungen,P27b-A3,3,"Bedarf eine in Absatz 1 genannte Maßnahme keiner gerichtlichen Anordnung oder ordnet die Polizei eine Maßnahme nach Absatz 1 wegen Gefahr im Verzug selbst an, gilt für die polizeiliche Anordnung Absatz 2 entsprechend. Gleiches gilt für die polizeiliche Anordnung einer Maßnahme nach § 24d."
27b,Inhalt von Antrag und Anordnung bei eingriffsintensiven verdeckten Datenerhebungsmaßnahmen; Geltung landesfremder gerichtlicher Anordnungen,P27b-A4,4,"Eine Maßnahme nach Absatz 1 bedarf keiner gerichtlichen Anordnung nach den Bestimmungen dieses Gesetzes, wenn"
27b,Inhalt von Antrag und Anordnung bei eingriffsintensiven verdeckten Datenerhebungsmaßnahmen; Geltung landesfremder gerichtlicher Anordnungen,,,"sie in einem anderen Land auf Grund polizeirechtlicher Rechtsvorschriften gerichtlich angeordnet wurde,"
27b,Inhalt von Antrag und Anordnung bei eingriffsintensiven verdeckten Datenerhebungsmaßnahmen; Geltung landesfremder gerichtlicher Anordnungen,,,"diese Anordnung nicht ausdrücklich auf das Gebiet des Landes, in dem sie ergangen ist, beschränkt ist,"
27b,Inhalt von Antrag und Anordnung bei eingriffsintensiven verdeckten Datenerhebungsmaßnahmen; Geltung landesfremder gerichtlicher Anordnungen,,,"ihre Fortsetzung auf dem Gebiet des Landes Berlin erforderlich ist, und"
27b,Inhalt von Antrag und Anordnung bei eingriffsintensiven verdeckten Datenerhebungsmaßnahmen; Geltung landesfremder gerichtlicher Anordnungen,,,sie nach den Bestimmungen dieses Gesetzes im jeweiligen Fall auch durch Gerichte des Landes Berlin angeordnet werden dürfte.
27c,Besondere Protokollierungspflichten bei eingriffsintensiven verdeckten Datenerhebungsmaßnahmen,P27c-A1,1,"Bei der Erhebung von personenbezogenen Daten durch Maßnahmen nach den §§ 24d, 25, 25a Absatz 1 Satz 1 und Absatz 2, §§ 25b, 25c, 26 bis 26b, 26c Absatz 2, §§ 26d, 26e, 27, 28a oder 47 sind zu protokollieren:"
27c,Besondere Protokollierungspflichten bei eingriffsintensiven verdeckten Datenerhebungsmaßnahmen,,,"das zur Datenerhebung eingesetzte Mittel,"
27c,Besondere Protokollierungspflichten bei eingriffsintensiven verdeckten Datenerhebungsmaßnahmen,,,"der Zeitraum des Einsatzes,"
27c,Besondere Protokollierungspflichten bei eingriffsintensiven verdeckten Datenerhebungsmaßnahmen,,,"die Angaben, die die Feststellung der erhobenen Daten ermöglichen, sowie"
27c,Besondere Protokollierungspflichten bei eingriffsintensiven verdeckten Datenerhebungsmaßnahmen,,,"die Organisationseinheit, die die Maßnahme durchführt."
27c,Besondere Protokollierungspflichten bei eingriffsintensiven verdeckten Datenerhebungsmaßnahmen,P27c-A2,2,Zu protokollieren sind zudem bei
27c,Besondere Protokollierungspflichten bei eingriffsintensiven verdeckten Datenerhebungsmaßnahmen,,,Maßnahmen nach § 24d Absatz 1:
27c,Besondere Protokollierungspflichten bei eingriffsintensiven verdeckten Datenerhebungsmaßnahmen,,,"die Personen, deren personenbezogene Daten auf Grund eines Trefferfalls erhoben oder weiterverarbeitet wurden;"
27c,Besondere Protokollierungspflichten bei eingriffsintensiven verdeckten Datenerhebungsmaßnahmen,,,Maßnahmen nach § 25 Absatz 1 und § 25a Absatz 1 Satz 1 und Absatz 2:
27c,Besondere Protokollierungspflichten bei eingriffsintensiven verdeckten Datenerhebungsmaßnahmen,,,die Zielperson und
27c,Besondere Protokollierungspflichten bei eingriffsintensiven verdeckten Datenerhebungsmaßnahmen,,,erheblich mitbetroffene Personen;
27c,Besondere Protokollierungspflichten bei eingriffsintensiven verdeckten Datenerhebungsmaßnahmen,,,Maßnahmen nach § 25b Absatz 1:
27c,Besondere Protokollierungspflichten bei eingriffsintensiven verdeckten Datenerhebungsmaßnahmen,,,"die Zielperson,"
27c,Besondere Protokollierungspflichten bei eingriffsintensiven verdeckten Datenerhebungsmaßnahmen,,,"erheblich mitbetroffene Personen,"
27c,Besondere Protokollierungspflichten bei eingriffsintensiven verdeckten Datenerhebungsmaßnahmen,,,"die Personen, die die überwachte Wohnung zur Zeit der Durchführung der Maßnahme innehatten oder bewohnten, und"
27c,Besondere Protokollierungspflichten bei eingriffsintensiven verdeckten Datenerhebungsmaßnahmen,,,die Bezeichnung der überwachten Wohnung;
27c,Besondere Protokollierungspflichten bei eingriffsintensiven verdeckten Datenerhebungsmaßnahmen,,,Maßnahmen nach § 25a Absatz 5 und § 25b Absatz 6:
27c,Besondere Protokollierungspflichten bei eingriffsintensiven verdeckten Datenerhebungsmaßnahmen,,,"die Personen, deren personenbezogene Daten erhoben wurden, und"
27c,Besondere Protokollierungspflichten bei eingriffsintensiven verdeckten Datenerhebungsmaßnahmen,,,im Falle der Datenerhebung in einer Wohnung
27c,Besondere Protokollierungspflichten bei eingriffsintensiven verdeckten Datenerhebungsmaßnahmen,,,"die Personen, die die Wohnung zur Zeit der Durchführung der Maßnahme innehatten oder bewohnten,"
27c,Besondere Protokollierungspflichten bei eingriffsintensiven verdeckten Datenerhebungsmaßnahmen,,,die Bezeichnung der Wohnung;
27c,Besondere Protokollierungspflichten bei eingriffsintensiven verdeckten Datenerhebungsmaßnahmen,,,Maßnahmen nach § 25c:
27c,Besondere Protokollierungspflichten bei eingriffsintensiven verdeckten Datenerhebungsmaßnahmen,,,"die Zielperson,"
27c,Besondere Protokollierungspflichten bei eingriffsintensiven verdeckten Datenerhebungsmaßnahmen,,,erheblich mitbetroffene Personen und
27c,Besondere Protokollierungspflichten bei eingriffsintensiven verdeckten Datenerhebungsmaßnahmen,,,"die Personen, deren nicht allgemein zugängliche Wohnung betreten wurde;"
27c,Besondere Protokollierungspflichten bei eingriffsintensiven verdeckten Datenerhebungsmaßnahmen,,,Maßnahmen nach § 26:
27c,Besondere Protokollierungspflichten bei eingriffsintensiven verdeckten Datenerhebungsmaßnahmen,,,die Zielperson und
27c,Besondere Protokollierungspflichten bei eingriffsintensiven verdeckten Datenerhebungsmaßnahmen,,,"die Beteiligten der überwachten Telekommunikation, deren personenbezogene Daten im Rahmen einer solchen Maßnahme erhoben und verarbeitet wurden;"
27c,Besondere Protokollierungspflichten bei eingriffsintensiven verdeckten Datenerhebungsmaßnahmen,,,Maßnahmen nach § 26a und § 26b:
27c,Besondere Protokollierungspflichten bei eingriffsintensiven verdeckten Datenerhebungsmaßnahmen,,,"die Zielperson,"
27c,Besondere Protokollierungspflichten bei eingriffsintensiven verdeckten Datenerhebungsmaßnahmen,,,"die Beteiligten der überwachten Telekommunikation, deren personenbezogene Daten im Rahmen einer solchen Maßnahme erhoben und verarbeitet wurden,"
27c,Besondere Protokollierungspflichten bei eingriffsintensiven verdeckten Datenerhebungsmaßnahmen,,,die Angaben zur Identifizierung des informationstechnischen Systems und die daran vorgenommenen nicht nur flüchtigen Veränderungen;
27c,Besondere Protokollierungspflichten bei eingriffsintensiven verdeckten Datenerhebungsmaßnahmen,,,"Maßnahmen nach § 26c Absatz 4 und § 26d Absatz 1, 2, 3 Satz 2, Absatz 4 und 5:"
27c,Besondere Protokollierungspflichten bei eingriffsintensiven verdeckten Datenerhebungsmaßnahmen,,,"die Zielperson,"
27c,Besondere Protokollierungspflichten bei eingriffsintensiven verdeckten Datenerhebungsmaßnahmen,,,"diejenigen, deren personenbezogene Daten im Rahmen einer solchen Maßnahme erhoben und verarbeitet wurden;"
27c,Besondere Protokollierungspflichten bei eingriffsintensiven verdeckten Datenerhebungsmaßnahmen,,,Maßnahmen nach § 26e:
27c,Besondere Protokollierungspflichten bei eingriffsintensiven verdeckten Datenerhebungsmaßnahmen,,,"diejenigen, deren personenbezogene Daten im Rahmen einer solchen Maßnahme erhoben und verarbeitet wurden;"
27c,Besondere Protokollierungspflichten bei eingriffsintensiven verdeckten Datenerhebungsmaßnahmen,,,Maßnahmen nach § 27 und § 28a:
27c,Besondere Protokollierungspflichten bei eingriffsintensiven verdeckten Datenerhebungsmaßnahmen,,,die Zielperson und
27c,Besondere Protokollierungspflichten bei eingriffsintensiven verdeckten Datenerhebungsmaßnahmen,,,"die Personen, deren personenbezogene Daten gemeldet worden sind;"
27c,Besondere Protokollierungspflichten bei eingriffsintensiven verdeckten Datenerhebungsmaßnahmen,,,Maßnahmen nach § 47:
27c,Besondere Protokollierungspflichten bei eingriffsintensiven verdeckten Datenerhebungsmaßnahmen,,,die im Übermittlungsersuchen nach § 47 Absatz 2 enthaltenen Merkmale und
27c,Besondere Protokollierungspflichten bei eingriffsintensiven verdeckten Datenerhebungsmaßnahmen,,,"die Personen, gegen die nach Auswertung der durch die Maßnahme erlangten Daten weitere Maßnahmen getroffen wurden."
27c,Besondere Protokollierungspflichten bei eingriffsintensiven verdeckten Datenerhebungsmaßnahmen,P27c-A3,3,"Nachforschungen zur Feststellung der Identität einer in Absatz 2 bezeichneten Person sind nur vorzunehmen, wenn dies unter Berücksichtigung der Eingriffsintensität der Maßnahme gegenüber dieser Person, des Aufwands für die Feststellung ihrer Identität sowie der daraus für diese oder andere Personen folgenden Beeinträchtigungen geboten ist. Die Zahl der Personen, deren Protokollierung unterblieben ist, ist im Protokoll anzugeben."
27c,Besondere Protokollierungspflichten bei eingriffsintensiven verdeckten Datenerhebungsmaßnahmen,P27c-A4,4,"Die Protokolldaten dürfen nur verwendet werden zum Zweck der Benachrichtigung nach § 27d und um der betroffenen Person oder einer dazu befugten öffentlichen Stelle die Prüfung zu ermöglichen, ob die Maßnahme rechtmäßig durchgeführt worden ist. Sie sind bis zum Ablauf der Datenschutzkontrolle nach § 51b aufzubewahren und sodann automatisiert zu löschen, es sei denn, dass sie zu den in Satz 1 genannten Zwecken noch erforderlich sind."
27c,Besondere Protokollierungspflichten bei eingriffsintensiven verdeckten Datenerhebungsmaßnahmen,P27c-A5,5,Die Bestimmungen über die Protokollierung der Verarbeitung personenbezogener Daten in automatisierten Verarbeitungssystemen nach § 62 des Berliner Datenschutzgesetzes bleiben unberührt.
27d,Benachrichtigung bei eingriffsintensiven verdeckten Datenerhebungsmaßnahmen,P27d-A1,1,"Hat die Polizei personenbezogene Daten durch Maßnahmen nach den §§ 24d, 25, 25a Absatz 1 Satz 1 und Absatz 2, §§ 25b, 25c, 26 bis 26b, 26c Absatz 3 und 4, §§ 26d, 26e, 27, 28a oder 47 erlangt, sind die in § 27c Absatz 2 jeweils bezeichneten betroffenen Personen hierüber nach Abschluss der Maßnahme gemäß § 42 des Berliner Datenschutzgesetzes zu benachrichtigen."
27d,Benachrichtigung bei eingriffsintensiven verdeckten Datenerhebungsmaßnahmen,P27d-A2,2,"Dies gilt nicht,"
27d,Benachrichtigung bei eingriffsintensiven verdeckten Datenerhebungsmaßnahmen,,,"wenn die Feststellung der Identität aus den Gründen des § 27c Absatz 3 Satz 1 unterblieben ist, oder"
27d,Benachrichtigung bei eingriffsintensiven verdeckten Datenerhebungsmaßnahmen,,,soweit der Benachrichtigung überwiegende schutzwürdige Belange einer betroffenen Person entgegenstehen.
27d,Benachrichtigung bei eingriffsintensiven verdeckten Datenerhebungsmaßnahmen,,,"Zudem kann die Benachrichtigung einer in § 27c Absatz 2 Nummer 6 Buchstabe b, Nummer 7 Buchstabe b, Nummer 8 Buchstabe b oder Nummer 9 bezeichneten Person unterbleiben, wenn diese von der Maßnahme nur unerheblich betroffen ist und anzunehmen ist, dass sie kein Interesse an der Benachrichtigung hat. Entscheidungen nach den Sätzen 1 und 2 bedürfen der gerichtlichen Zustimmung."
27d,Benachrichtigung bei eingriffsintensiven verdeckten Datenerhebungsmaßnahmen,P27d-A3,3,"Eine Benachrichtigung ist zurückzustellen, solange sie"
27d,Benachrichtigung bei eingriffsintensiven verdeckten Datenerhebungsmaßnahmen,,,"den Zweck der Maßnahme,"
27d,Benachrichtigung bei eingriffsintensiven verdeckten Datenerhebungsmaßnahmen,,,"ein wegen des zugrunde liegenden Sachverhalts eingeleitetes strafrechtliches Ermittlungsverfahren,"
27d,Benachrichtigung bei eingriffsintensiven verdeckten Datenerhebungsmaßnahmen,,,"den Bestand oder die Sicherheit des Bundes oder eines Landes,"
27d,Benachrichtigung bei eingriffsintensiven verdeckten Datenerhebungsmaßnahmen,,,"Leib, Leben, Freiheit oder sexuelle Selbstbestimmung einer Person oder"
27d,Benachrichtigung bei eingriffsintensiven verdeckten Datenerhebungsmaßnahmen,,,"Sachen von bedeutendem Wert, deren Erhaltung im öffentlichen Interesse liegt,"
27d,Benachrichtigung bei eingriffsintensiven verdeckten Datenerhebungsmaßnahmen,,,"gefährden würde. Bei einer Maßnahme nach § 25c erfolgt die Benachrichtigung erst, sobald dies auch ohne Gefährdung der Möglichkeit der weiteren Verwendung der V-Person oder des Verdeckten Ermittlers möglich ist. Im Falle des Satzes 1 Nummer 2 erfolgt die Zurückstellung und die Nachholung der Benachrichtigung in Abstimmung mit der zuständigen Staatsanwaltschaft; die Benachrichtigung ist nachzuholen, sobald der Stand des Ermittlungsverfahrens dies zulässt. In diesem Fall gelten die Regelungen der Strafprozessordnung; im Übrigen gilt Absatz 2 Satz 4 entsprechend. Wird die Benachrichtigung zurückgestellt, sind die Gründe hierfür zu dokumentieren."
27d,Benachrichtigung bei eingriffsintensiven verdeckten Datenerhebungsmaßnahmen,P27d-A4,4,"Erfolgt die Benachrichtigung nicht innerhalb von sechs Monaten nach Beendigung der Maßnahme, bedarf die weitere Zurückstellung der Benachrichtigung der gerichtlichen Zustimmung; das Gleiche gilt nach Ablauf von jeweils weiteren sechs Monaten. Zuständig ist das die jeweilige Maßnahme anordnende Gericht, im Falle von Maßnahmen, die nicht der gerichtlichen Anordnung vorbehalten sind, das Amtsgericht Tiergarten. Das Gericht bestimmt die Dauer der weiteren Zurückstellung; diese darf bei Maßnahmen nach § 25b und § 26b nicht länger als sechs Monate betragen. Verlängerungen der Zurückstellungsdauer sind zulässig. Fünf Jahre nach Beendigung der Maßnahme kann mit gerichtlicher Zustimmung endgültig von der Benachrichtigung abgesehen werden, wenn die Voraussetzungen für die Benachrichtigung mit an Sicherheit grenzender Wahrscheinlichkeit auch in Zukunft nicht eintreten werden, eine weitere Verwendung der Daten gegen die betroffene Person ausgeschlossen ist und die Daten gelöscht wurden. Sind mehrere Maßnahmen in einem engen zeitlichen Zusammenhang durchgeführt worden, beginnt die in Satz 1 genannte Frist mit der Beendigung der letzten Maßnahme."
27d,Benachrichtigung bei eingriffsintensiven verdeckten Datenerhebungsmaßnahmen,P27d-A5,5,"Auch nach Erledigung einer der in Absatz 1 genannten Maßnahmen können betroffene Personen binnen zwei Wochen nach ihrer Benachrichtigung die Überprüfung der Rechtmäßigkeit der Anordnung der Maßnahme sowie der Art und Weise ihres Vollzugs beantragen. Hierauf ist in der Benachrichtigung hinzuweisen. Über den Antrag entscheidet das Gericht, das für die Anordnung der Maßnahme zuständig gewesen ist; war die Maßnahme nicht der gerichtlichen Anordnung vorbehalten, entscheidet das Amtsgericht Tiergarten. Gegen die Entscheidung ist die sofortige Beschwerde statthaft."
27e,Löschung personenbezogener Daten aus eingriffsintensiven verdeckten Datenerhebungsmaßnahmen,P27e-A1,1,"Sind die durch Maßnahmen nach den §§ 24d, 25, 25a Absatz 1 Satz 1 und Absatz 2, §§ 25c bis 26a, 26c Absatz 3, § 26d Absatz 1, 2, 3 Satz 2 und Absatz 5, §§ 26e, 27, 28a oder 47 erlangten personenbezogenen Daten, die nicht dem Kernbereich privater Lebensgestaltung zuzuordnen sind, zur Erfüllung des der Anordnung der Maßnahme zugrunde liegenden Zwecks und für eine Überprüfung der Rechtmäßigkeit der Maßnahme durch eine hierzu berufene öffentliche Stelle nicht mehr erforderlich, sind sie unverzüglich zu löschen und die zugehörigen Unterlagen zu vernichten, soweit keine zulässige Weiterverarbeitung der Daten erfolgt und sich aus den Absätzen 3 und 4 nichts Abweichendes ergibt. An die Stelle der Löschung und der Vernichtung tritt die Einschränkung der Verarbeitung, solange die betroffene Person über die Maßnahme noch nicht nach § 27d benachrichtigt worden ist oder die Überprüfung der Rechtmäßigkeit der Maßnahme noch nicht abgeschlossen ist; die betreffenden Daten und Unterlagen dürfen nur zur Benachrichtigung nach § 27d und zur Überprüfung der Rechtmäßigkeit der Maßnahme verwendet werden."
27e,Löschung personenbezogener Daten aus eingriffsintensiven verdeckten Datenerhebungsmaßnahmen,P27e-A2,2,"Personenbezogene Daten, deren Weiterverarbeitung der gerichtlichen Entscheidung nach § 25a Absatz 5 Satz 2, § 25b Absatz 5 Satz 3 und Absatz 6 Satz 2 oder § 26b Absatz 8 Satz 2 bedarf, sind unverzüglich zu löschen, soweit eine solche Entscheidung nach Abschluss der Maßnahme nicht beantragt oder soweit sie versagt wird; die zugehörigen Unterlagen sind zu vernichten. Absatz 1 Satz 2 gilt entsprechend."
27e,Löschung personenbezogener Daten aus eingriffsintensiven verdeckten Datenerhebungsmaßnahmen,P27e-A3,3,"Bild- und Tonaufzeichnungen, die mit einem selbsttätigen Aufzeichnungsgerät angefertigt wurden und ausschließlich Personen betreffen, gegen die sich die Datenerhebungen nicht richteten, sind unverzüglich, sofern technisch möglich, automatisch zu vernichten; dies gilt nicht, soweit sie zur Strafverfolgung verwendet werden."
27e,Löschung personenbezogener Daten aus eingriffsintensiven verdeckten Datenerhebungsmaßnahmen,P27e-A4,4,Durch Maßnahmen nach § 26d Absatz 3 Satz 1 erhobene personenbezogene Daten sind nach Beendigung der Maßnahme unverzüglich zu löschen.
27e,Löschung personenbezogener Daten aus eingriffsintensiven verdeckten Datenerhebungsmaßnahmen,P27e-A5,5,"Die Tatsache der Löschung oder der Einschränkung der Verarbeitung ist zu dokumentieren. Die Dokumentation darf ausschließlich zur Datenschutzkontrolle nach § 51b verwendet werden. Sie ist sechs Monate nach der Benachrichtigung nach § 27d Absatz 1 oder sechs Monate nach Erteilung der gerichtlichen Zustimmung über das endgültige Absehen von der Benachrichtigung nach § 27d Absatz 4 Satz 6 zu löschen. Ist die Datenschutzkontrolle nach § 51b noch nicht beendet, ist die Dokumentation bis zu ihrem Abschluss aufzubewahren."
27e,Löschung personenbezogener Daten aus eingriffsintensiven verdeckten Datenerhebungsmaßnahmen,P27e-A6,6,"Die Absätze 1 bis 5 gelten entsprechend für personenbezogene Daten, die der Polizei übermittelt worden sind und durch Maßnahmen erlangt wurden, die den Maßnahmen nach den §§ 24d, 25, 25a Absatz 1 Satz 1 und Absatz 2, §§ 25b bis 26b, 26c Absatz 2, §§ 27, 28a und 47 entsprechen."
27f,Berichtspflicht gegenüber dem Abgeordnetenhaus bei eingriffsintensiven verdeckten Datenerhebungsmaßnahmen,P27f-A1,,"Der Senat unterrichtet das Abgeordnetenhaus jährlich über die nach den §§ 24d, 25, 25a Absatz 1 Satz 2 und Absatz 2, §§ 25b bis 26b, 26c Absatz 3, § 26d Absatz 1 und 2, §§ 26e, 27, 28a und 47 getroffenen Maßnahmen. In den Berichten ist insbesondere darzustellen, in welchem Umfang von den Maßnahmen aus Anlass welcher Gefahrenlagen Gebrauch gemacht wurde und inwieweit die betroffenen Personen hierüber benachrichtigt wurden. Die parlamentarische Kontrolle auf der Grundlage dieses Berichts wird von einem Kontrollgremium ausgeübt. Die Vorschriften des Fünften Abschnitts des Verfassungsschutzgesetzes Berlin gelten entsprechend."
28,"Datenabfragen, Datenabgleich",P28-A1,1,"Die Ordnungsbehörden und die Polizei können personenbezogene Daten der in den §§ 13, 14 sowie in § 18 Absatz 2 Nummer 1 Buchstabe a und b genannten Personen in Dateisystemen, die sie zur Erfüllung der ihnen jeweils obliegenden Aufgaben allein oder gemeinsam mit anderen Stellen führen oder für die sie die Berechtigung zum Abruf haben, abfragen und mit dem Inhalt dieser Dateisysteme abgleichen, wenn Tatsachen die Annahme rechtfertigen, dass dies für die Erfüllung einer bestimmten ordnungsbehördlichen oder polizeilichen Aufgabe erforderlich ist. Die Polizei kann ferner im Rahmen ihrer Aufgabenerfüllung rechtmäßig erlangte personenbezogene Daten im Fahndungsbestand abfragen und mit dessen Inhalt abgleichen, wenn die Annahme gerechtfertigt ist, dass die Abfrage oder der Abgleich sachdienliche Hinweise erwarten lässt. Die betroffene Person kann für die Dauer der Abfrage und des Abgleichs angehalten werden. § 21 bleibt unberührt."
28,"Datenabfragen, Datenabgleich",P28-A2,2,Besondere Rechtsvorschriften über die Datenabfrage und den Datenabgleich bleiben unberührt.
28a,Nachträglicher biometrischer Abgleich mit öffentlich zugänglichen Daten aus dem Internet,P28a-A1,1,"Die Polizei kann biometrische Daten zu Gesichtern und Stimmen der in den Nummern 1 bis 3 genannten Personen und deren Kontakt- und Begleitpersonen, auf die sie zur Erfüllung ihrer Aufgaben zugreifen darf, mittels einer automatisierten Anwendung zur Datenverarbeitung zum Zweck der Identifizierung und der Ermittlung des Aufenthaltsorts biometrisch mit allgemein öffentlich zugänglichen personenbezogenen Daten aus dem Internet abgleichen, wenn"
28a,Nachträglicher biometrischer Abgleich mit öffentlich zugänglichen Daten aus dem Internet,,,eine Person nach den §§ 13 oder 14 verantwortlich ist für eine Gefahr für
28a,Nachträglicher biometrischer Abgleich mit öffentlich zugänglichen Daten aus dem Internet,,,"den Bestand oder die Sicherheit des Bundes oder eines Landes,"
28a,Nachträglicher biometrischer Abgleich mit öffentlich zugänglichen Daten aus dem Internet,,,"Leib, Leben oder Freiheit einer Person,"
28a,Nachträglicher biometrischer Abgleich mit öffentlich zugänglichen Daten aus dem Internet,,,"die sexuelle Selbstbestimmung einer Person, soweit sie durch Straftatbestände geschützt ist, bei denen die Tat mit Freiheitsstrafe nicht unter sechs Monaten bedroht ist, oder"
28a,Nachträglicher biometrischer Abgleich mit öffentlich zugänglichen Daten aus dem Internet,,,"Sachen von bedeutendem Wert, deren Erhaltung im öffentlichen Interesse geboten ist,"
28a,Nachträglicher biometrischer Abgleich mit öffentlich zugänglichen Daten aus dem Internet,,,"tatsächliche Anhaltspunkte die Annahme rechtfertigen, dass eine Person innerhalb eines übersehbaren Zeitraums auf eine zumindest ihrer Art nach konkretisierte Weise"
28a,Nachträglicher biometrischer Abgleich mit öffentlich zugänglichen Daten aus dem Internet,,,eine terroristische Straftat oder
28a,Nachträglicher biometrischer Abgleich mit öffentlich zugänglichen Daten aus dem Internet,,,eine in § 100b Absatz 2 der Strafprozessordnung genannte und voraussichtlich auch im Einzelfall besonders schwerwiegende Straftat
28a,Nachträglicher biometrischer Abgleich mit öffentlich zugänglichen Daten aus dem Internet,,,"begehen oder an ihr teilnehmen wird, oder"
28a,Nachträglicher biometrischer Abgleich mit öffentlich zugänglichen Daten aus dem Internet,,,"das individuelle Verhalten einer Person die konkrete Wahrscheinlichkeit begründet, dass sie innerhalb eines übersehbaren Zeitraums eine terroristische Straftat begehen oder an ihr teilnehmen wird."
28a,Nachträglicher biometrischer Abgleich mit öffentlich zugänglichen Daten aus dem Internet,,,"Die Maßnahmen sind nur zulässig, wenn die Abwehr der Gefahr oder die Verhütung der Straftat auf andere Weise aussichtslos oder wesentlich erschwert wäre und die jeweilige Maßnahme nicht außer Verhältnis zur Bedeutung des aufzuklärenden Sachverhalts steht. Allgemein öffentlich zugängliche personenbezogene Daten aus dem Internet dürfen zu diesem Zweck erhoben, gespeichert und aufbereitet werden."
28a,Nachträglicher biometrischer Abgleich mit öffentlich zugänglichen Daten aus dem Internet,P28a-A2,2,"Für die mit Maßnahmen nach Absatz 1 Satz 1 abzugleichenden Daten gilt § 42a Absatz 2 und 3 entsprechend. Maßnahmen nach Absatz 1 Satz 1, die sich auf im Internet öffentlich zugängliche Echtzeit-Lichtbild- und Echtzeit-Videodateien beziehen, sind unzulässig."
28a,Nachträglicher biometrischer Abgleich mit öffentlich zugänglichen Daten aus dem Internet,P28a-A3,3,"Führt eine Maßnahme nach Absatz 1 Satz 1 zu einer Datenübereinstimmung, so dürfen weitere Maßnahmen erst nach Identifikation der betroffenen Person durch Inaugenscheinnahme erfolgen. Führt eine Maßnahme nach Absatz 1 Satz 1 nicht zu einer Datenübereinstimmung oder kann die Datenübereinstimmung durch die in Satz 1 vorgesehene Überprüfung nicht bestätigt werden, sind die erhobenen Daten sofort technisch spurenlos und im Fall einer bereits nach erfolgter Durchführung eines Datenabgleichs nach Absatz 1 fehlenden Datenübereinstimmung automatisiert zu löschen."
28a,Nachträglicher biometrischer Abgleich mit öffentlich zugänglichen Daten aus dem Internet,P28a-A4,4,"Maßnahmen nach Absatz 1 Satz 1 bedürfen der gerichtlichen Anordnung, die von der Polizeipräsidentin oder dem Polizeipräsidenten oder der Vertretung im Amt zu beantragen ist; diese Befugnis kann von der Polizeipräsidentin oder dem Polizeipräsidenten auf die Leitung des Landeskriminalamtes und die Vertretung im Amt übertragen werden. Bei Gefahr im Verzug kann die Anordnung durch die Polizeipräsidentin oder den Polizeipräsidenten oder die Vertretung im Amt getroffen werden. Die gerichtliche Bestätigung der Anordnung ist in diesem Fall unverzüglich einzuholen. Die Anordnung tritt außer Kraft, wenn sie nicht binnen drei Werktagen gerichtlich bestätigt wird. In diesem Fall dürfen die bereits erhobenen Daten nicht mehr verwendet werden; sie sind unverzüglich zu löschen und die Löschung ist zu protokollieren. Sind bereits Daten übermittelt worden, die nach Satz 5 zu löschen sind, so ist die empfangende Stelle darüber zu unterrichten."
28a,Nachträglicher biometrischer Abgleich mit öffentlich zugänglichen Daten aus dem Internet,P28a-A5,5,"Maßnahmen nach Absatz 1 Satz 1 dürfen nur von ausgewählten und geschulten Polizeidienstkräften durchgeführt werden. Nach Beendigung der Maßnahme ist die oder der behördliche Datenschutzbeauftragte zu unterrichten. Lässt die Polizei Maßnahmen nach Absatz 1 durch Auftragsverarbeitende oder zur Verarbeitung eingesetzte Dritte durchführen, ist § 42d Absatz 3 Satz 3 bis 8 entsprechend anzuwenden."
28a,Nachträglicher biometrischer Abgleich mit öffentlich zugänglichen Daten aus dem Internet,P28a-A6,6,Verwaltungsvorschriften bestimmen das Nähere insbesondere
28a,Nachträglicher biometrischer Abgleich mit öffentlich zugänglichen Daten aus dem Internet,,,hinsichtlich des Verfahrens nach Absatz 1 Satz 1 zu
28a,Nachträglicher biometrischer Abgleich mit öffentlich zugänglichen Daten aus dem Internet,,,"dem technischen Verfahren nach Absatz 1,"
28a,Nachträglicher biometrischer Abgleich mit öffentlich zugänglichen Daten aus dem Internet,,,"der Eingabe- und Zugangsberechtigung,"
28a,Nachträglicher biometrischer Abgleich mit öffentlich zugänglichen Daten aus dem Internet,,,"den sonstigen Sicherungsmaßnahmen zur Verhinderung unbefugter Datenzugriffe,"
28a,Nachträglicher biometrischer Abgleich mit öffentlich zugänglichen Daten aus dem Internet,,,"den Speicher- und Löschfristen,"
28a,Nachträglicher biometrischer Abgleich mit öffentlich zugänglichen Daten aus dem Internet,,,"der Art der zu speichernden Daten,"
28a,Nachträglicher biometrischer Abgleich mit öffentlich zugänglichen Daten aus dem Internet,,,"dem Personenkreis, der von der Speicherung betroffen ist,"
28a,Nachträglicher biometrischer Abgleich mit öffentlich zugänglichen Daten aus dem Internet,,,"der Dauer der Speicherung,"
28a,Nachträglicher biometrischer Abgleich mit öffentlich zugänglichen Daten aus dem Internet,,,der Protokollierung sowie
28a,Nachträglicher biometrischer Abgleich mit öffentlich zugänglichen Daten aus dem Internet,,,"hinsichtlich des Verfahrens nach Absatz 1 Satz 3 zu Art, Umfang und Dauer einer Speicherung der abzugleichenden, öffentlich zugänglichen Lichtbild-, Video- und Audiodateien."
28a,Nachträglicher biometrischer Abgleich mit öffentlich zugänglichen Daten aus dem Internet,,,Die Verwaltungsvorschriften treten an die Stelle der Errichtungsanordnung nach § 49. Die oder der Berliner Beauftragte für Datenschutz und Informationsfreiheit ist vor dem Erlass oder einer Änderung der Verwaltungsvorschriften anzuhören. Die Verwaltungsvorschriften sind zu veröffentlichen.
29,Platzverweisung; Aufenthaltsverbot,P29-A1,1,"Die Ordnungsbehörden und die Polizei können zur Abwehr einer Gefahr eine Person vorübergehend von einem Ort verweisen oder ihr vorübergehend das Betreten eines Ortes verbieten. Die Platzverweisung kann ferner gegen eine Person angeordnet werden, die den Einsatz der Polizei, der Feuerwehr oder von Hilfs- oder Rettungsdiensten behindert."
29,Platzverweisung; Aufenthaltsverbot,P29-A2,2,"Die Polizei kann zur Verhütung von Straftaten einer Person untersagen, ein bestimmtes Gebiet innerhalb von Berlin zu betreten oder sich dort aufzuhalten, wenn Tatsachen die Annahme rechtfertigen, dass diese Person dort eine Straftat begehen wird (Aufenthaltsverbot). Das Verbot ist zeitlich und örtlich auf den zur Verhütung der Straftat erforderlichen Umfang zu beschränken. Es darf räumlich nicht den berechtigten Zugang zur Wohnung der betroffenen Person umfassen. § 29 und die Vorschriften des Versammlungsrechts bleiben unberührt."
29a,Besondere Maßnahmen zum Schutz bei Gewalttaten und Nachstellungen,P29a-A1,1,"Die Polizei kann eine Person aus ihrer Wohnung und dem unmittelbar angrenzenden Bereich verweisen und ein entsprechendes Betretungsverbot anordnen, wenn Tatsachen, insbesondere ein von der Person begangener tätlicher Angriff, die Annahme rechtfertigen, dass dies zur Abwehr einer von der wegzuweisenden Person ausgehenden Gefahr für Körper, Gesundheit, Freiheit oder sexuelle Selbstbestimmung von Bewohnerinnen oder Bewohnern derselben Wohnung erforderlich ist. Unter den gleichen Voraussetzungen kann die Polizei der Person untersagen, sich in einem bestimmten Umkreis dieser Wohnung aufzuhalten. Ergänzend können Maßnahmen zur Durchsetzung der Wegweisung, des Betretungsverbots oder des Aufenthaltsverbots verfügt werden."
29a,Besondere Maßnahmen zum Schutz bei Gewalttaten und Nachstellungen,P29a-A2,2,"Unter den in Absatz 1 genannten Voraussetzungen kann die Polizei eine Person aus einer anderen als der in Absatz 1 Satz 1 genannten Wohnung, in der die gefährdete Person wohnt, und dem unmittelbar angrenzenden Bereich verweisen und ein diesbezügliches Betretungsverbot anordnen. Solche Maßnahmen sind auch zulässig, wenn das Verhalten einer Person die Voraussetzungen von § 1 Absatz 2 Satz 1 Nummer 2 des Gewaltschutzgesetzes erfüllt. Absatz 1 Satz 3 gilt entsprechend. § 29 Absatz 2 bleibt unberührt."
29a,Besondere Maßnahmen zum Schutz bei Gewalttaten und Nachstellungen,P29a-A3,3,"Unter den Voraussetzungen des Absatzes 2 kann die Polizei einer Person untersagen,"
29a,Besondere Maßnahmen zum Schutz bei Gewalttaten und Nachstellungen,,,"sich in einem bestimmten Umkreis der Wohnung nach Absatz 2 aufzuhalten,"
29a,Besondere Maßnahmen zum Schutz bei Gewalttaten und Nachstellungen,,,"zu bestimmende andere Orte aufzusuchen, an denen sich die gefährdete Person regelmäßig aufhält,"
29a,Besondere Maßnahmen zum Schutz bei Gewalttaten und Nachstellungen,,,"Kontakt zu der gefährdeten Person, auch unter Verwendung von Fernkommunikationsmitteln, aufzunehmen oder"
29a,Besondere Maßnahmen zum Schutz bei Gewalttaten und Nachstellungen,,,Zusammentreffen mit der gefährdeten Person herbeizuführen.
29a,Besondere Maßnahmen zum Schutz bei Gewalttaten und Nachstellungen,,,Absatz 1 Satz 3 und Absatz 2 Satz 4 gelten entsprechend.
29a,Besondere Maßnahmen zum Schutz bei Gewalttaten und Nachstellungen,P29a-A2,4,"Die Polizei hat die von einer Maßnahme nach Absatz 1 betroffene Person aufzufordern, eine Anschrift oder eine zustellungsbevollmächtigte Person zum Zwecke von Zustellungen behördlicher oder gerichtlicher Entscheidungen, die zur Abwehr einer Gefahr im Sinne des Absatzes 1 ergehen, zu benennen. Die Polizei hat der gefährdeten Person die Angaben zu übermitteln."
29a,Besondere Maßnahmen zum Schutz bei Gewalttaten und Nachstellungen,P29a-A3,5,"Maßnahmen nach den Absätzen 1 bis 3 enden spätestens 14 Tage nach ihrer Anordnung, in jedem Fall jedoch bereits mit einer gerichtlichen Entscheidung über einen zivilrechtlichen Antrag auf Erlass einer einstweiligen Anordnung. Das Zivilgericht unterrichtet die Polizei unverzüglich von seiner Entscheidung. Eine einmalige Verlängerung der Maßnahme um bis zu 14 Tage ist zulässig, sofern die Anordnungsvoraussetzungen fortbestehen."
29b,Elektronische Aufenthaltsüberwachung,P29b-A1,1,"Die Polizei kann eine Person dazu verpflichten, sich technische Mittel, mit denen der Aufenthaltsort dieser Person elektronisch überwacht werden kann, anlegen zu lassen, sie ständig in betriebsbereitem Zustand am Körper bei sich zu führen und deren Funktionsfähigkeit nicht zu beeinträchtigen, wenn"
29b,Elektronische Aufenthaltsüberwachung,,,"Tatsachen die Annahme rechtfertigen, dass diese Person innerhalb eines übersehbaren Zeitraums auf eine zumindest ihrer Art nach konkretisierte Weise"
29b,Elektronische Aufenthaltsüberwachung,,,"eine terroristische Straftat, eine Straftat gegen das Leben oder eine Straftat nach den §§ 176, 177 Absatz 4 bis 8, § 226 Absatz 2 oder § 239b des Strafgesetzbuches begehen wird oder"
29b,Elektronische Aufenthaltsüberwachung,,,"Körper, Gesundheit, Freiheit oder sexuelle Selbstbestimmung einer anderen Person in einem erheblichen Maße verletzen wird und die Person nach polizeilichen Erkenntnissen bereits zuvor eine in Buchstabe a benannte Straftat oder eine Straftat nach den §§ 176a, 176b, 177 Absatz 1 bis 3, §§ 182, 224, 238 Absatz 2 oder § 239 des Strafgesetzbuches oder nach § 4 des Gewaltschutzgesetzes begangen hat, oder"
29b,Elektronische Aufenthaltsüberwachung,,,"das individuelle Verhalten dieser Person die konkrete Wahrscheinlichkeit begründet, dass sie innerhalb eines übersehbaren Zeitraums eine in Nummer 1 Buchstabe a genannte Straftat begehen wird,"
29b,Elektronische Aufenthaltsüberwachung,,,"und die Verpflichtung erforderlich ist, um diese Person durch die Überwachung und die Datenverarbeitung von der Begehung der Straftat oder der Rechtsgutsverletzung abzuhalten. Die Verpflichtung ist nur zulässig, wenn sie nicht außer Verhältnis zu dem mit ihr verfolgten Zweck steht."
29b,Elektronische Aufenthaltsüberwachung,P29b-A2,2,"Die Polizei erhebt und speichert durch die nach Absatz 1 mitzuführenden technischen Mittel die Daten über den Aufenthaltsort der überwachten Person und über etwaige Beeinträchtigungen der Datenerhebung; dies geschieht automatisiert. Soweit dies zur Erfüllung des Überwachungszwecks erforderlich ist, dürfen die nach Absatz 1 Satz 1 Nummer 1 Buchstabe a und Nummer 2 erhobenen Daten auf Grund gerichtlicher Anordnung zu einem Bewegungsbild verbunden werden. Soweit es technisch möglich ist, ist sicherzustellen, dass innerhalb der Wohnung der überwachten Person keine über den Umstand ihrer Anwesenheit hinausgehenden Aufenthaltsdaten erhoben werden. Die Daten nach den Sätzen 1 und 2 dürfen, soweit dies für die folgenden Zwecke erforderlich ist, ohne Einwilligung der überwachten Person nur verarbeitet werden"
29b,Elektronische Aufenthaltsüberwachung,,,"zur Verfolgung der in Absatz 1 Satz 1 Nummer 1 genannten Straftaten oder von Straftaten von mindestens gleichem Gewicht sowie zur Verfolgung einer Straftat nach § 65b,"
29b,Elektronische Aufenthaltsüberwachung,,,"zur Abwehr einer gegenwärtigen Gefahr für den Bestand oder die Sicherheit des Bundes oder eines Landes, für Leib, Leben, Freiheit oder sexuelle Selbstbestimmung einer Person oder für Sachen von bedeutendem Wert, deren Erhaltung im öffentlichen Interesse liegt,"
29b,Elektronische Aufenthaltsüberwachung,,,"zur Überwachung einer Anordnung nach § 29 Absatz 2, § 29a oder einer Anordnung nach § 1 des Gewaltschutzgesetzes und zur Ahndung von Verstößen gegen eine solche Anordnung und"
29b,Elektronische Aufenthaltsüberwachung,,,zur Aufrechterhaltung der Funktionsfähigkeit des technischen Mittels.
29b,Elektronische Aufenthaltsüberwachung,,,"Zur Einhaltung dieser Zweckbindung hat die Verarbeitung der Daten automatisiert zu erfolgen. Die in den Sätzen 1 und 2 genannten Daten sind zu kennzeichnen und gegen unbefugte Kenntnisnahme und Verarbeitung besonders zu sichern. Sie sind spätestens acht Wochen nach Beendigung der Maßnahme zu löschen, soweit sie nicht zu den in Satz 4 genannten Zwecken verwendet werden; die §§ 42c, 42d, 48 Absatz 6 bleiben unberührt, ebenso § 44 Absatz 3 des Berliner Datenschutzgesetzes. Jeder Abruf der Daten ist nach § 62 des Berliner Datenschutzgesetzes zu protokollieren; die Protokolldaten sind nach Ablauf von zwei Jahren zu löschen. Werden innerhalb der Wohnung der überwachten Person über den Umstand ihrer Anwesenheit hinausgehende Aufenthaltsdaten erhoben, sind diese Daten unverzüglich zu löschen und bis dahin nicht weiter zu verarbeiten. Die Tatsache ihrer Erhebung und Löschung ist zu dokumentieren. Die Dokumentation darf ausschließlich zur Datenschutzkontrolle verwendet werden. Sie ist frühestens nach Abschluss der Datenschutzkontrolle und spätestens nach zwei Jahren zu löschen. Die Sätze 3 und 9 bis 12 gelten entsprechend, soweit durch die Datenerhebung nach Satz 1 der Kernbereich privater Lebensgestaltung betroffen ist."
29b,Elektronische Aufenthaltsüberwachung,P29b-A3,3,"Wird die Maßnahme nach Absatz 1 zum Schutz einer bestimmten gefährdeten Person angeordnet, können mit Einwilligung dieser Person auch Daten über deren Aufenthaltsort durch von ihr mitzuführende technische Mittel automatisiert erhoben, gespeichert und mit den von der überwachten Person erhobenen Daten abgeglichen werden. Für die Datenverarbeitung gilt Absatz 2 Satz 3 bis 13 entsprechend."
29b,Elektronische Aufenthaltsüberwachung,P29b-A4,4,"Maßnahmen nach den Absätzen 1 und 3 bedürfen der gerichtlichen Anordnung, die von der Polizeipräsidentin oder dem Polizeipräsidenten oder der Vertretung im Amt zu beantragen ist. Die Polizeipräsidentin oder der Polizeipräsident kann die Antragsbefugnis auf die Leitung des Landeskriminalamtes sowie die Leitungen der Direktionen und deren jeweilige Vertretung im Amt übertragen. Bei Gefahr im Verzug kann die Anordnung durch die Polizeipräsidentin oder den Polizeipräsidenten oder die Vertretung im Amt getroffen werden. Die gerichtliche Bestätigung der Anordnung ist in diesem Fall unverzüglich einzuholen; dies gilt auch, wenn die Maßnahme bereits beendet ist. Die Anordnung tritt außer Kraft, wenn sie nicht binnen drei Werktagen gerichtlich bestätigt wird. In diesem Fall dürfen die bereits erhobenen Daten nicht mehr verwendet werden; diese Daten sind unverzüglich zu löschen. Sind bereits Daten übermittelt worden, die zu löschen sind, so ist die empfangende Stelle darüber zu unterrichten."
29b,Elektronische Aufenthaltsüberwachung,P29b-A5,5,Im Antrag und in der gerichtlichen Anordnung sind anzugeben:
29b,Elektronische Aufenthaltsüberwachung,,,"die zu überwachende Person mit Namen sowie ihrer Anschrift oder ihrem Geburtsdatum,"
29b,Elektronische Aufenthaltsüberwachung,,,"Art, Umfang und Dauer der Maßnahme,"
29b,Elektronische Aufenthaltsüberwachung,,,"bei einer Anordnung nach § 29 Absatz 2, § 29a oder einer Anordnung nach § 1 des Gewaltschutzgesetzes insbesondere die Bezeichnung der Orte, an denen sich die Person nicht mehr aufhalten darf, sowie der Person, mit der der überwachten Person der Kontakt untersagt ist,"
29b,Elektronische Aufenthaltsüberwachung,,,"ob eine Datenverarbeitung nach Absatz 3 erfolgen soll, sowie"
29b,Elektronische Aufenthaltsüberwachung,,,die wesentlichen Gründe für die Anordnung einschließlich der wesentlichen Abwägungsgesichtspunkte; bei einer polizeilichen Anordnung nach Absatz 4 Satz 3 muss sich die Begründung auch auf die Gefahr im Verzug beziehen.
29b,Elektronische Aufenthaltsüberwachung,,,"Die Anordnung ist auf höchstens drei Monate zu befristen. Eine Verlängerung um jeweils höchstens drei weitere Monate ist möglich, soweit die Voraussetzungen für die Maßnahme fortbestehen. Die Maßnahme ist zu beenden, wenn ihre Voraussetzungen nicht mehr vorliegen."
29b,Elektronische Aufenthaltsüberwachung,P29b-A6,6,"Die Polizei kann die Wohnung der zu überwachenden Person betreten, um die zur Überwachung des Aufenthalts in der Wohnung erforderlichen technischen Mittel aufzustellen. Nach Abschluss der Maßnahme hat die überwachte Person auf Anforderung die technischen Mittel an die Polizei unverzüglich herauszugeben."
29c,Meldeauflage,P29c-A1,,"Die Polizei kann gegenüber einer Person anordnen, sich an bestimmten Tagen zu bestimmten Zeiten bei einer bestimmten Polizeidienststelle zu melden (Meldeauflage), wenn Tatsachen die Annahme rechtfertigen, dass die Person im Zusammenhang mit einem zeitlich oder örtlich begrenzten Geschehen eine Straftat begehen wird und die Meldeauflage zur vorbeugenden Bekämpfung der Straftat erforderlich ist. Die Meldeauflage ist auf höchstens einen Monat zu befristen. Eine Verlängerung um jeweils nicht mehr als denselben Zeitraum ist zulässig, sofern die Voraussetzungen der Anordnung weiterhin vorliegen. Die Verlängerung der Maßnahme bedarf der gerichtlichen Anordnung."
30,Gewahrsam,P30-A1,1,"Die Polizei kann eine Person in Gewahrsam nehmen, wenn"
30,Gewahrsam,,,"das zum Schutz der Person gegen eine Gefahr für Leib oder Leben unerlässlich ist, insbesondere weil die Person sich erkennbar in einem die freie Willensbestimmung ausschließenden Zustand oder sonst in hilfloser Lage befindet,"
30,Gewahrsam,,,"das unerlässlich ist, um die unmittelbar bevorstehende Begehung oder Fortsetzung einer Ordnungswidrigkeit von erheblicher Bedeutung für die Allgemeinheit oder einer Straftat zu verhindern,"
30,Gewahrsam,,,"das unerlässlich ist, um eine Platzverweisung oder ein Aufenthaltsverbot nach § 29 oder besondere Maßnahmen zum Schutz bei Gewalttaten und Nachstellungen nach § 29a durchzusetzen,"
30,Gewahrsam,,,"das unerlässlich ist, um private Rechte zu schützen, und eine Festnahme oder Vorführung der Person nach den §§ 229, 230 Abs. 3 des Bürgerlichen Gesetzbuches zulässig ist."
30,Gewahrsam,P30-A2,2,"Die Annahme, dass eine Person eine Ordnungswidrigkeit von erheblicher Bedeutung für die Allgemeinheit oder eine Straftat begehen oder zu ihrer Begehung beitragen wird, kann sich insbesondere darauf stützen, dass"
30,Gewahrsam,,,"die Person die Begehung der Tat angekündigt oder dazu aufgefordert hat,"
30,Gewahrsam,,,"bei der Person Waffen, Werkzeuge oder sonstige Gegenstände aufgefunden werden, die ersichtlich zur Tatbegehung bestimmt sind oder"
30,Gewahrsam,,,die Person bereits in der Vergangenheit mehrfach aus vergleichbarem Anlass bei der Begehung von Ordnungswidrigkeiten von erheblicher Bedeutung für die Allgemeinheit oder Straftaten als verantwortliche Person betroffen worden ist und nach den Umständen eine Wiederholung dieser Verhaltensweise mit überwiegender Wahrscheinlichkeit zu erwarten ist.
30,Gewahrsam,P30-A3,3,"Die Polizei kann Minderjährige, die sich der Obhut der Sorgeberechtigten entzogen haben, in Gewahrsam nehmen, um sie den Sorgeberechtigten oder dem Jugendamt zuzuführen."
30,Gewahrsam,P30-A4,4,"Die Polizei kann eine Person, die aus dem Vollzug von Untersuchungshaft, Freiheitsstrafen oder freiheitsentziehenden Maßregeln der Besserung und Sicherung entwichen ist oder sich sonst ohne Erlaubnis außerhalb der Justizvollzugsanstalt aufhält, in Gewahrsam nehmen und in die Anstalt zurückbringen."
31,Gerichtliche Entscheidung,P31-A1,1,"Wird eine Person auf Grund von § 20 Absatz 3, § 21 Absatz 4 Satz 3 oder § 30 festgehalten, hat die Polizei unverzüglich eine gerichtliche Entscheidung über Zulässigkeit und Fortdauer der Freiheitsentziehung herbeizuführen. Der Herbeiführung der gerichtlichen Entscheidung bedarf es nicht, wenn anzunehmen ist, dass die Entscheidung des Gerichts erst nach Wegfall des Grundes der polizeilichen Maßnahmen ergehen würde."
31,Gerichtliche Entscheidung,P31-A2,2,"Ist die Freiheitsentziehung vor Erlass einer gerichtlichen Entscheidung beendet, kann die festgehaltene Person innerhalb eines Monats nach Beendigung der Freiheitsentziehung die Feststellung beantragen, dass die Freiheitsentziehung rechtswidrig gewesen ist, wenn hierfür ein berechtigtes Interesse besteht."
31,Gerichtliche Entscheidung,P31-A3,3,"In Fällen des Absatzes 2 ist die Rechtsbeschwerde gegen die Entscheidung des Landgerichts Berlin II über eine Beschwerde nur statthaft, wenn das Landgericht Berlin II sie wegen der grundsätzlichen Bedeutung der zur Entscheidung stehenden Frage zulässt. Für die Gerichtskosten gelten die Vorschriften über die Kostenerhebung in Angelegenheiten der freiwilligen Gerichtsbarkeit entsprechend. Gebühren werden nur für die Entscheidung, die die Freiheitsentziehung für zulässig erklärt, sowie das Beschwerdeverfahren erhoben."
32,Behandlung festgehaltener Personen,P32-A1,1,"Wird eine Person auf Grund von § 20 Absatz 3, § 21 Absatz 4 Satz 3 oder § 30 festgehalten, ist ihr unverzüglich der Grund bekanntzugeben. Sie ist über die zulässigen Rechtsbehelfe zu belehren. Zu der Belehrung gehört der Hinweis, dass eine etwaige Aussage freiwillig erfolgt."
32,Behandlung festgehaltener Personen,P32-A2,2,"Der festgehaltenen Person ist unverzüglich Gelegenheit zu geben, einen Angehörigen oder eine Person ihres Vertrauens zu benachrichtigen, soweit dadurch der Zweck der Freiheitsentziehung nicht gefährdet wird. Unberührt bleibt die Benachrichtigungspflicht bei einer gerichtlichen Freiheitsentziehung. Die Polizei soll die Benachrichtigung übernehmen, wenn die festgehaltene Person nicht in der Lage ist, von dem Recht nach Satz 1 Gebrauch zu machen, und die Benachrichtigung ihrem mutmaßlichen Willen nicht widerspricht. Ist die festgehaltene Person minderjährig oder ist ein Betreuer für sie bestellt, so ist in jedem Falle unverzüglich derjenige zu benachrichtigen, dem die Sorge für die Person oder die Betreuung der Person nach dem ihm übertragenen Aufgabengebiet obliegt."
32,Behandlung festgehaltener Personen,P32-A3,3,"Die festgehaltene Person soll gesondert, insbesondere ohne ihre Einwilligung nicht in demselben Raum mit Straf- oder Untersuchungsgefangenen untergebracht werden. Männer und Frauen sollen getrennt untergebracht werden. Der festgehaltenen Person dürfen nur solche Beschränkungen auferlegt werden, die der Zweck der Freiheitsentziehung oder die Ordnung im Gewahrsam erfordert."
33,Dauer der Freiheitsentziehung,P33-A1,1,"Die festgehaltene Person ist zu entlassen,"
33,Dauer der Freiheitsentziehung,,,"sobald der Grund für die Maßnahme weggefallen ist,"
33,Dauer der Freiheitsentziehung,,,"wenn die Fortdauer der Freiheitsentziehung durch gerichtliche Entscheidung für unzulässig erklärt wird,"
33,Dauer der Freiheitsentziehung,,,"in jedem Falle spätestens bis zum Ende des Tages nach dem Ergreifen, wenn nicht vorher die Fortdauer der Freiheitsentziehung nach Absatz 2 oder auf Grund eines anderen Gesetzes durch gerichtliche Entscheidung angeordnet ist."
33,Dauer der Freiheitsentziehung,P33-A2,2,"Über das Ende des Tages nach dem Ergreifen hinaus kann die Fortdauer der Freiheitsentziehung auf Grund von § 30 Absatz 1 Nummer 2 durch gerichtliche Entscheidung nur angeordnet werden, wenn Anhaltspunkte dafür vorliegen, dass die oder der Betroffene terroristische Straftaten, Straftaten gegen Leib oder Leben oder in § 100a Absatz 2 Nummer 1 Buchstabe f und i der Strafprozessordnung bezeichnete Straftaten begehen oder sich hieran beteiligen wird. In der Entscheidung ist die höchstzulässige Dauer der Freiheitsentziehung zu bestimmen. Sie darf im Fall einer bevorstehenden terroristischen Straftat nicht mehr als sieben Tage und in den anderen in Satz 1 genannten Fällen nicht mehr als fünf Tage betragen."
33,Dauer der Freiheitsentziehung,P33-A3,3,Eine Freiheitsentziehung zum Zwecke der Feststellung der Identität darf die Dauer von insgesamt zwölf Stunden nicht überschreiten.
34,Durchsuchung von Personen,P34-A1,1,"Die Ordnungsbehörden und die Polizei können eine Person durchsuchen, wenn"
34,Durchsuchung von Personen,,,"Tatsachen die Annahme rechtfertigen, dass sie Sachen mit sich führt, die sichergestellt werden dürfen,"
34,Durchsuchung von Personen,,,sie sich erkennbar in einem die freie Willensbestimmung ausschließenden Zustand oder sonst in hilfloser Lage befindet.
34,Durchsuchung von Personen,P34-A2,2,"Die Polizei kann außer in den Fällen des § 21 Absatz 4 Satz 4 eine Person durchsuchen, wenn"
34,Durchsuchung von Personen,,,"sie nach diesem Gesetz oder anderen Rechtsvorschriften festgehalten werden kann,"
34,Durchsuchung von Personen,,,"sie sich an einem der in § 21 Absatz 2 Satz 1 Nummer 1 und 2 genannten Orte aufhält,"
34,Durchsuchung von Personen,,,"sie sich in einem Objekt im Sinne des § 21 Absatz 2 Satz 1 Nummer 3 oder in dessen unmittelbarer Nähe aufhält und Tatsachen die Annahme rechtfertigen, dass in oder an einem Objekt dieser Art Straftaten begangen werden sollen, durch die Personen oder dieses Objekt gefährdet sind,"
34,Durchsuchung von Personen,,,"sie an einer Kontrollstelle nach § 21 Absatz 2 Satz 1 Nummer 4 angetroffen wird und Tatsachen die Annahme rechtfertigen, dass Straftaten der in jener Vorschrift genannten Art begangen werden sollen,"
34,Durchsuchung von Personen,,,"sie zur gezielten Kontrolle ausgeschrieben ist oder Tatsachen die Annahme rechtfertigen, dass sie Sachen mit sich führt, die zur gezielten Kontrolle ausgeschrieben sind."
34,Durchsuchung von Personen,P34-A3,3,"Die Polizei kann eine Person, deren Identität nach diesem Gesetz oder anderen Rechtsvorschriften festgestellt werden soll, nach Waffen, anderen gefährlichen Werkzeugen und Explosivmitteln durchsuchen, wenn das nach den Umständen zum Schutz des Polizeivollzugsbeamten oder eines Dritten gegen eine Gefahr für Leib oder Leben erforderlich ist. Dasselbe gilt, wenn eine Person vorgeführt oder zur Durchführung einer Maßnahme an einen anderen Ort gebracht werden soll."
34,Durchsuchung von Personen,P34-A4,4,"Personen dürfen nur von Personen gleichen Geschlechts oder Ärztinnen und Ärzten durchsucht werden. Bei berechtigtem Interesse soll dem Wunsch, die Durchsuchung einer Person bestimmten Geschlechts zu übertragen, entsprochen werden. Die Sätze 1 und 2 gelten nicht, wenn die sofortige Durchsuchung zum Schutz gegen eine Gefahr für Leib oder Leben erforderlich ist."
35,Durchsuchung von Sachen,P35-A1,1,"Die Ordnungsbehörden und die Polizei können eine Sache durchsuchen, wenn"
35,Durchsuchung von Sachen,,,"sie von einer Person mitgeführt wird, die nach § 34 durchsucht werden darf,"
35,Durchsuchung von Sachen,,,"Tatsachen die Annahme rechtfertigen, dass sich in ihr eine Person befindet, die widerrechtlich festgehalten wird oder hilflos ist,"
35,Durchsuchung von Sachen,,,"Tatsachen die Annahme rechtfertigen, dass sich in ihr eine andere Sache befindet, die sichergestellt werden darf."
35,Durchsuchung von Sachen,P35-A2,2,"Die Polizei kann außer in den Fällen des § 21 Absatz 4 Satz 4 eine Sache durchsuchen, wenn"
35,Durchsuchung von Sachen,,,"Tatsachen die Annahme rechtfertigen, dass sich in ihr eine Person befindet, die in Gewahrsam genommen werden darf,"
35,Durchsuchung von Sachen,,,"sie sich an einem der in § 21 Absatz 2 Satz 1 Nummer 1 und 2 genannten Orte befindet,"
35,Durchsuchung von Sachen,,,"sie sich in einem Objekt im Sinne des § 21 Absatz 2 Satz 1 Nummer 3 oder in dessen unmittelbarer Nähe befindet und Tatsachen die Annahme rechtfertigen, dass in oder an einem Objekt dieser Art Straftaten begangen werden sollen, durch die Personen oder dieses Objekt gefährdet sind,"
35,Durchsuchung von Sachen,,,"es sich um ein Land-, Wasser- oder Luftfahrzeug handelt, in dem sich eine Person befindet, deren Identität nach § 21 Absatz 2 Satz 1 Nummer 4 festgestellt werden darf; die Durchsuchung kann sich auch auf die in dem Fahrzeug enthaltenen Sachen erstrecken,"
35,Durchsuchung von Sachen,,,"sie zur gezielten Kontrolle ausgeschrieben ist, von einer Person mitgeführt wird, die zur gezielten Kontrolle ausgeschrieben ist, oder Tatsachen die Annahme rechtfertigen, dass sich in ihr eine Person oder eine Sache befindet, die zur gezielten Kontrolle ausgeschrieben ist."
35,Durchsuchung von Sachen,P35-A3,3,"Bei der Durchsuchung von Sachen hat der Inhaber der tatsächlichen Gewalt das Recht, anwesend zu sein. Ist er abwesend, so soll sein Vertreter oder ein anderer Zeuge hinzugezogen werden. Dem Inhaber der tatsächlichen Gewalt ist auf Verlangen eine Bescheinigung über die Durchsuchung und ihren Grund zu erteilen."
36,Betreten und Durchsuchung von Wohnungen,P36-A1,1,"Die Ordnungsbehörden und die Polizei können eine Wohnung ohne Einwilligung des Inhabers betreten und durchsuchen, wenn"
36,Betreten und Durchsuchung von Wohnungen,,,"Tatsachen die Annahme rechtfertigen, dass sich in ihr eine Sache befindet, die nach § 38 Absatz 1 Nummer 1 sichergestellt werden darf,"
36,Betreten und Durchsuchung von Wohnungen,,,"von der Wohnung Emissionen ausgehen, die nach Art, Ausmaß oder Dauer geeignet sind, die Gesundheit in der Nachbarschaft wohnender Personen zu beschädigen,"
36,Betreten und Durchsuchung von Wohnungen,,,"das zur Abwehr einer gegenwärtigen Gefahr für Leib, Leben, Freiheit oder sexuelle Selbstbestimmung einer Person oder für Sachen von bedeutendem Wert erforderlich ist."
36,Betreten und Durchsuchung von Wohnungen,P36-A1-S2,,"Die Wohnung umfasst die Wohn- und Nebenräume, Arbeits-, Betriebs- und Geschäftsräume sowie anderes befriedetes Besitztum."
36,Betreten und Durchsuchung von Wohnungen,P36-A2,2,"Die Polizei kann eine Wohnung ohne Einwilligung des Inhabers betreten und durchsuchen, wenn Tatsachen die Annahme rechtfertigen, dass sich in ihr eine Person befindet, die nach § 20 Abs. 3 vorgeführt oder nach § 30 in Gewahrsam genommen werden darf."
36,Betreten und Durchsuchung von Wohnungen,P36-A3,3,Während der Nachtzeit (§ 104 Abs. 3 der Strafprozessordnung) ist das Betreten und Durchsuchen einer Wohnung nur in den Fällen des Absatzes 1 Nr. 2 und 3 zulässig.
36,Betreten und Durchsuchung von Wohnungen,P36-A4,4,"Wohnungen können jedoch zur Abwehr dringender Gefahren jederzeit betreten werden, wenn Tatsachen die Annahme rechtfertigen, dass"
36,Betreten und Durchsuchung von Wohnungen,,,"dort Personen Straftaten von erheblicher Bedeutung verabreden, vorbereiten oder verüben,"
36,Betreten und Durchsuchung von Wohnungen,,,sich dort gesuchte Straftäter verbergen oder
36,Betreten und Durchsuchung von Wohnungen,,,"dort mutmaßlich Geschädigte von Straftaten nach den §§ 177, 180, 180a, 181a, 182, 232, 232a, 232b, 233, 233a des Strafgesetzbuches anzutreffen oder untergebracht sind."
36,Betreten und Durchsuchung von Wohnungen,P36-A5,5,"Arbeits-, Betriebs- und Geschäftsräume sowie andere Räume und Grundstücke, die der Öffentlichkeit zugänglich sind oder zugänglich waren und den Anwesenden zum weiteren Aufenthalt zur Verfügung stehen, können zum Zwecke der Gefahrenabwehr (§ 1 Abs. 1) während der Arbeits-, Geschäfts- oder Aufenthaltszeit betreten werden."
37,Verfahren bei der Durchsuchung von Wohnungen,P37-A1,1,Durchsuchungen bedürfen der gerichtlichen Anordnung; dies gilt nicht bei Gefahr im Verzug.
37,Verfahren bei der Durchsuchung von Wohnungen,P37-A2,2,"Bei der Durchsuchung einer Wohnung hat der Wohnungsinhaber das Recht, anwesend zu sein. Ist er abwesend, so ist, wenn möglich, sein Vertreter oder ein erwachsener Angehöriger, Hausgenosse oder Nachbar zuzuziehen."
37,Verfahren bei der Durchsuchung von Wohnungen,P37-A3,3,"Dem Wohnungsinhaber oder seinem Vertreter ist der Grund der Durchsuchung unverzüglich bekanntzugeben, soweit dadurch der Zweck der Maßnahme nicht gefährdet wird."
37,Verfahren bei der Durchsuchung von Wohnungen,P37-A4,4,"Über die Durchsuchung ist eine Niederschrift zu fertigen. Sie muss die verantwortliche Stelle, Grund, Zeit und Ort der Durchsuchung und das Ergebnis der Durchsuchung enthalten. Die Niederschrift ist von einem durchsuchenden Beamten und dem Wohnungsinhaber oder der zugezogenen Person zu unterzeichnen. Wird die Unterschrift verweigert, so ist hierüber ein Vermerk aufzunehmen. Dem Wohnungsinhaber oder seinem Vertreter ist auf Verlangen eine Abschrift der Niederschrift auszuhändigen."
37,Verfahren bei der Durchsuchung von Wohnungen,P37-A5,5,"Ist die Anfertigung der Niederschrift oder die Aushändigung einer Abschrift nach den besonderen Umständen des Falles nicht möglich oder würde sie den Zweck der Durchsuchung gefährden, so sind der betroffenen Person lediglich die Durchsuchung unter Angabe der verantwortlichen Ordnungsbehörde oder Polizei sowie Zeit und Ort der Durchsuchung schriftlich oder elektronisch zu bestätigen."
37a,Umsetzung von Fahrzeugen,P37a-A1,1,"Die Ordnungsbehörden und die Polizei können ein abgestelltes Fahrzeug zur Abwehr einer von diesem ausgehenden Gefahr selbst oder durch eine oder einen Beauftragten an eine Stelle im öffentlichen Verkehrsraum verbringen, an der das Parken gestattet ist (Umsetzung). § 15 Absatz 2 und 3 gilt entsprechend."
37a,Umsetzung von Fahrzeugen,P37a-A2,2,"Ist eine Umsetzung nach Absatz 1 mangels Erreichbarkeit einer geeigneten Stelle im öffentlichen Verkehrsraum nicht möglich, kann das Fahrzeug sichergestellt werden. § 38 bleibt unberührt; die §§ 39 bis 41 gelten entsprechend."
37a,Umsetzung von Fahrzeugen,P37a-A3,3,Die Absätze 1 und 2 gelten entsprechend für die Umsetzung und Sicherstellung eines stillliegenden Wasserfahrzeugs oder eines stillliegenden sonstigen Schwimmkörpers.
37b,Nutzungsbeschränkende Maßnahmen an gefährdeten Objekten,P37b-A1,1,"Die Polizei kann an einem gefährdeten Objekt im Sinne von § 24a Absatz 1 und auf den unmittelbar im Zusammenhang mit diesem Objekt stehenden Grün- oder Straßenflächen durch Allgemeinverfügung das Abstellen von Fahrrädern, E-Scootern und anderen Gegenständen beschränken oder verbieten, wenn Tatsachen die Annahme rechtfertigen, dass an einem Objekt dieser Art Straftaten von erheblicher Bedeutung drohen und deren Verhütung auf andere Weise wesentlich erschwert wäre."
37b,Nutzungsbeschränkende Maßnahmen an gefährdeten Objekten,P37b-A2,2,"Die Allgemeinverfügung ist auf höchstens ein Jahr zu befristen. Eine Verlängerung um jeweils höchstens ein Jahr ist zulässig, soweit die Voraussetzungen gemäß Absatz 1 weiterhin vorliegen."
38,Sicherstellung,P38-A1,1,"Die Ordnungsbehörden und die Polizei können eine Sache sicherstellen,"
38,Sicherstellung,,,"um eine gegenwärtige Gefahr abzuwehren,"
38,Sicherstellung,,,"um den Eigentümer oder den rechtmäßigen Inhaber der tatsächlichen Gewalt vor Verlust oder Beschädigung einer Sache zu schützen,"
38,Sicherstellung,,,"wenn sie von einer Person mitgeführt wird, die nach diesem Gesetz oder anderen Rechtsvorschriften festgehalten wird, vorgeführt oder zur Durchführung einer Maßnahme an einen anderen Ort gebracht werden soll und die Sache verwendet werden kann, um"
38,Sicherstellung,,,"sich zu töten oder zu verletzen,"
38,Sicherstellung,,,"Leben oder Gesundheit anderer zu schädigen,"
38,Sicherstellung,,,"fremde Sachen zu beschädigen,"
38,Sicherstellung,,,die Flucht zu ermöglichen oder zu erleichtern.
38,Sicherstellung,P38-A1,2,Die Sicherstellung hat die Wirkung eines Veräußerungsverbots im Sinne des § 136 des Bürgerlichen Gesetzbuches.
38,Sicherstellung,P38-A1,3,Unter den Voraussetzungen des Absatzes 1 Nummer 1 und 2 kann die Polizei auch Forderungen sowie andere Vermögensrechte sicherstellen. Die Vorschriften der Zivilprozessordnung über die Zwangsvollstreckung in Forderungen und andere Vermögensrechte gelten entsprechend.
39,Verwahrung,P39-A1,1,"Sichergestellte Sachen sind in Verwahrung zu nehmen. Lässt die Beschaffenheit der Sachen das nicht zu oder erscheint die Verwahrung bei der Ordnungsbehörde oder der Polizei unzweckmäßig, sind die Sachen auf andere geeignete Weise aufzubewahren oder zu sichern. In diesem Falle kann die Verwahrung auch einem Dritten übertragen werden."
39,Verwahrung,P39-A2,2,"Der betroffenen Person ist eine Bescheinigung auszustellen, die den Grund der Sicherstellung erkennen lässt und die sichergestellten Sachen bezeichnet. Kann nach den Umständen des Falles eine Bescheinigung nicht ausgestellt werden, so ist über die Sicherstellung eine Niederschrift aufzunehmen, die auch erkennen lässt, warum eine Bescheinigung nicht ausgestellt worden ist. Der Eigentümer oder der rechtmäßige Inhaber der tatsächlichen Gewalt ist unverzüglich zu unterrichten."
39,Verwahrung,P39-A3,3,"Wird eine sichergestellte Sache verwahrt, so ist nach Möglichkeit Wertminderungen vorzubeugen. Das gilt nicht, wenn die Sache durch den Dritten auf Verlangen eines Berechtigten verwahrt wird."
39,Verwahrung,P39-A4,4,"Die verwahrten Sachen sind zu verzeichnen und so zu kennzeichnen, dass Verwechslungen vermieden werden."
40,"Verwertung, Vernichtung, Einziehung",P40-A1,1,"Die Verwertung einer sichergestellten Sache ist zulässig, wenn"
40,"Verwertung, Vernichtung, Einziehung",,,"ihr Verderb oder eine wesentliche Wertminderung droht,"
40,"Verwertung, Vernichtung, Einziehung",,,"ihre Verwahrung, Pflege oder Erhaltung mit unverhältnismäßig hohen Kosten oder Schwierigkeiten verbunden ist,"
40,"Verwertung, Vernichtung, Einziehung",,,"sie infolge ihrer Beschaffenheit nicht so verwahrt werden kann, dass weitere Gefahren für die öffentliche Sicherheit oder Ordnung ausgeschlossen sind,"
40,"Verwertung, Vernichtung, Einziehung",,,"sie nach einer Frist von einem Jahr nicht an einen Berechtigten herausgegeben werden kann, ohne dass die Voraussetzungen der Sicherstellung erneut eintreten würden,"
40,"Verwertung, Vernichtung, Einziehung",,,"der Berechtigte sie nicht innerhalb einer ausreichend bemessenen Frist abholt, obwohl ihm eine Mitteilung über die Frist mit dem Hinweis zugestellt worden ist, dass die Sache verwertet wird, wenn sie nicht innerhalb der Frist abgeholt wird."
40,"Verwertung, Vernichtung, Einziehung",P40-A2,2,"Die betroffene Person, der Eigentümer und andere Personen, denen ein Recht an der Sache zusteht, sollen vor der Verwertung gehört werden. Die Anordnung sowie Zeit und Ort der Verwertung sind ihnen mitzuteilen, soweit die Umstände und der Zweck der Maßnahmen es erlauben."
40,"Verwertung, Vernichtung, Einziehung",P40-A3,3,"Die Sache wird durch öffentliche Versteigerung verwertet; § 979 Abs. 1 des Bürgerlichen Gesetzbuches gilt entsprechend. Bleibt die Versteigerung erfolglos, erscheint sie von vornherein aussichtslos oder würden die Kosten der Versteigerung voraussichtlich den zu erwartenden Erlös übersteigen, so kann die Sache freihändig verkauft werden. Der Erlös tritt an die Stelle der verwerteten Sache. Lässt sich innerhalb angemessener Frist kein Käufer finden, so kann die Sache einem gemeinnützigen Zweck zugeführt werden."
40,"Verwertung, Vernichtung, Einziehung",P40-A4,4,"Sichergestellte Sachen können unbrauchbar gemacht, vernichtet oder eingezogen werden, wenn"
40,"Verwertung, Vernichtung, Einziehung",,,"im Falle einer Verwertung die Gründe, die zu ihrer Sicherstellung berechtigten, fortbestehen oder Sicherstellungsgründe erneut entstehen würden,"
40,"Verwertung, Vernichtung, Einziehung",,,die Verwertung aus anderen Gründen nicht möglich ist.
40,"Verwertung, Vernichtung, Einziehung",P40-A4-S2,,Absatz 2 gilt entsprechend.
41,Beendigung der Sicherstellung; Kosten,P41-A1,1,"Sobald die Voraussetzungen für die Sicherstellung weggefallen sind, sind die Sachen an diejenige Person herauszugeben, bei der sie sichergestellt worden sind. Ist die Herausgabe an diese nicht möglich, können sie an eine andere Person herausgegeben werden, die ihre Berechtigung glaubhaft macht. Sofern bestimmte Tatsachen die Annahme rechtfertigen, dass es sich beim letzten Gewahrsamsinhaber nicht um den Eigentümer oder sonstigen Berechtigten an der Sache handelt, kann die Herausgabe verweigert werden; § 40 gilt entsprechend. Satz 1 gilt in den Fällen des § 38 Absatz 3 entsprechend. Die Beendigung der Sicherstellung ist ausgeschlossen, wenn dadurch erneut die Voraussetzungen für eine Sicherstellung eintreten würden."
41,Beendigung der Sicherstellung; Kosten,P41-A1,2,"Die Sicherstellung im Sinne des § 38 Absatz 3 darf nicht länger als ein Jahr aufrechterhalten werden. Kann die Forderung oder das Vermögensrecht nach Ablauf eines Jahres nicht freigegeben werden, ohne dass die Voraussetzungen der Sicherstellung erneut eintreten, kann die Sicherstellung mit gerichtlicher Zustimmung um jeweils ein weiteres Jahr verlängert werden."
41,Beendigung der Sicherstellung; Kosten,P41-A2,3,"Sind die Sachen verwertet worden, ist der Erlös herauszugeben. Ist eine berechtigte Person nicht vorhanden oder nicht zu ermitteln, ist der Erlös nach den Vorschriften des Bürgerlichen Gesetzbuches zu hinterlegen. Der Anspruch auf Herausgabe des Erlöses erlischt drei Jahre nach Ablauf des Jahres, in dem die Sache verwertet worden ist."
41,Beendigung der Sicherstellung; Kosten,P41-A3,4,"Die Kosten der Sicherstellung und Verwahrung fallen den nach den §§ 13 oder 14 Verantwortlichen zur Last. Mehrere Verantwortliche haften als Gesamtschuldner. Die Herausgabe der Sache kann von der Zahlung der Kosten abhängig gemacht werden. Ist eine Sache verwertet worden, können die Kosten aus dem Erlös gedeckt werden. Die Kosten können im Verwaltungsvollstreckungsverfahren beigetrieben werden. Die Erhebung von Kosten nach dem Gesetz über Gebühren und Beiträge bleibt unberührt."
41,Beendigung der Sicherstellung; Kosten,P41-A4,5,§ 983 des Bürgerlichen Gesetzbuches bleibt unberührt.
41a,Operativer Opferschutz,P41a-A1,1,"Die Polizei kann für eine Person Urkunden und sonstige Dokumente zum Aufbau oder zur Aufrechterhaltung einer vorübergehend geänderten Identität herstellen, vorübergehend verändern sowie die geänderten personenbezogenen Daten verarbeiten, wenn dies zur Abwehr einer konkretisierten und voraussichtlich nicht nur vorübergehenden Gefahr für Leib, Leben, Freiheit oder sexuelle Selbstbestimmung der Person erforderlich und die Person für die Schutzmaßnahme geeignet ist und in sie einwilligt. Maßnahmen nach Satz 1 können auf Angehörige der Person und ihr sonst nahestehende Personen erstreckt werden, soweit dies zu den dort genannten Zwecken erforderlich ist und die Personen in die Maßnahmen einwilligen."
41a,Operativer Opferschutz,P41a-A2,2,Personen nach Absatz 1 dürfen unter der vorübergehend geänderten Identität am Rechtsverkehr teilnehmen.
41a,Operativer Opferschutz,P41a-A3,3,"§ 25c Absatz 2 findet Anwendung auf diejenigen Polizeivollzugsbeamtinnen und Polizeivollzugsbeamten, die mit Maßnahmen nach Absatz 1 betraut sind, soweit dies zur Vorbereitung oder Durchführung dieser Maßnahmen erforderlich ist."
41a,Operativer Opferschutz,P41a-A4,4,Über Maßnahmen nach Absatz 1 entscheidet die Polizeipräsidentin oder der Polizeipräsident oder die Vertretung im Amt.
41a,Operativer Opferschutz,P41a-A4,5,"Wird eine Schutzmaßnahme beendet, unterrichtet die Polizei unter Berücksichtigung der Belange des Opferschutzes die beteiligten öffentlichen und nicht-öffentlichen Stellen. Die Polizei zieht die nach Absatz 1 hergestellten oder veränderten Urkunden und Dokumente ein, deren Verwendung nicht mehr erforderlich ist."
41b,Verarbeitung personenbezogener Daten und Geheimhaltung bei operativem Opferschutz,P41b-A1,1,"Die Polizei kann Auskünfte über personenbezogene Daten einer nach § 41a Absatz 1 Satz 1 zu schützenden Person verweigern, soweit dies aus Gründen des Opferschutzes erforderlich ist und schutzwürdige Interessen Dritter an der Übermittlung der Auskunft nicht überwiegen."
41b,Verarbeitung personenbezogener Daten und Geheimhaltung bei operativem Opferschutz,P41b-A2,2,"Behörden und andere öffentliche Stellen sind berechtigt, auf Ersuchen der Polizei die Verarbeitung personenbezogener Daten einer zu schützenden Person einzuschränken oder diese Daten nicht zu übermitteln. Sie sollen dem Ersuchen entsprechen, soweit entgegenstehende öffentliche Interessen oder schutzwürdige Interessen Dritter nicht überwiegen. Die Beurteilung der Erforderlichkeit der Maßnahme durch die Polizei ist für die ersuchte Stelle bindend."
41b,Verarbeitung personenbezogener Daten und Geheimhaltung bei operativem Opferschutz,P41b-A3,3,"Die Polizei kann von nicht-öffentlichen Stellen verlangen, personenbezogene Daten einer zu schützenden Person einzuschränken oder nicht zu übermitteln, sofern nicht schutzwürdige Interessen Dritter an der Übermittlung der Auskunft oder an der Übermittlung überwiegen."
41b,Verarbeitung personenbezogener Daten und Geheimhaltung bei operativem Opferschutz,P41b-A4,4,"Bei der Datenverarbeitung innerhalb der öffentlichen und nicht-öffentlichen Stellen ist sicherzustellen, dass der Opferschutz nicht beeinträchtigt wird."
41b,Verarbeitung personenbezogener Daten und Geheimhaltung bei operativem Opferschutz,P41b-A5,5,Die öffentlichen und nicht-öffentlichen Stellen teilen der Polizei jedes Ersuchen um Bekanntgabe von eingeschränkten oder sonst von ihr bestimmten Daten unverzüglich mit.
41b,Verarbeitung personenbezogener Daten und Geheimhaltung bei operativem Opferschutz,P41b-A6,6,"Wer mit dem Opferschutz befasst wird, darf die ihm bekannt gewordenen Erkenntnisse über Maßnahmen des operativen Opferschutzes auch über den Zeitpunkt der Beendigung des Opferschutzes hinaus nicht unbefugt offenbaren. Personen, die nicht Amtsträgerin oder Amtsträger (§ 11 Absatz 1 Nummer 2 des Strafgesetzbuches) sind, sollen nach § 1 des Verpflichtungsgesetzes verpflichtet werden, sofern dies geboten erscheint."
41c,"Sicherheitsmitteilung, Sicherheitsgespräch",P41b-A1,,"Die Polizei kann eine Person auf geeignete Weise, insbesondere durch mündliche, schriftliche oder elektronische Mitteilung oder Signale informieren, dass Tatsachen die Annahme rechtfertigen, eine andere Person werde in einem absehbaren Zeitraum eine Straftat begehen oder an ihrer Begehung teilnehmen, sofern die zu informierende Person als Opfer der drohenden Straftat in Betracht kommt oder ihre Kenntnis von der drohenden Straftat unbedingt erforderlich ist, um ihr ein gefahrenangepasstes Verhalten zu ermöglichen. Soweit es den Zweck der Maßnahme nicht gefährdet, soll das Sicherheitsgespräch außerhalb der Hör- und Sichtweite Dritter erfolgen. § 45 bleibt unberührt."
42,Allgemeine Befugnisse für die Datenweiterverarbeitung,P42-A1,1,"Die Ordnungsbehörden und die Polizei können rechtmäßig erhobene personenbezogene Daten weiterverarbeiten,"
42,Allgemeine Befugnisse für die Datenweiterverarbeitung,,,soweit das
42,Allgemeine Befugnisse für die Datenweiterverarbeitung,,,"zur Erfüllung ihrer Aufgaben,"
42,Allgemeine Befugnisse für die Datenweiterverarbeitung,,,zu einer befristeten Dokumentation oder
42,Allgemeine Befugnisse für die Datenweiterverarbeitung,,,zur Vorgangsverwaltung
42,Allgemeine Befugnisse für die Datenweiterverarbeitung,,,erforderlich ist oder
42,Allgemeine Befugnisse für die Datenweiterverarbeitung,,,wenn die betroffene Person nach Maßgabe von § 18 Absatz 8 und in Kenntnis des Zwecks der Weiterverarbeitung in diese eingewilligt hat.
42,Allgemeine Befugnisse für die Datenweiterverarbeitung,,,"Dies gilt auch für personenbezogene Daten, die die Ordnungsbehörden oder die Polizei unaufgefordert durch Dritte erlangt haben. Bei der zur Aufgabenerfüllung erforderlichen Weiterverarbeitung ist § 42a zu beachten, soweit Vorschriften dieses Gesetzes oder andere Rechtsvorschriften nicht entgegenstehen oder keine besonderen Voraussetzungen vorsehen."
42,Allgemeine Befugnisse für die Datenweiterverarbeitung,P42-A2,2,"Weiterverarbeitung im Sinne dieses Gesetzes ist die Organisation, das Ordnen, die Speicherung, die Anpassung oder Veränderung, das Auslesen, das Abfragen, die Verwendung, der Abgleich oder die Verknüpfung von Daten."
42,Allgemeine Befugnisse für die Datenweiterverarbeitung,P42-A3,3,"Die Polizei kann personenbezogene Daten, die sie im Rahmen von strafrechtlichen Ermittlungen gewonnen hat, nach Maßgabe von § 42a Absatz 2 bis 4 weiterverarbeiten, soweit das zur Gefahrenabwehr, insbesondere zur vorbeugenden Bekämpfung von Straftaten, erforderlich ist und Vorschriften dieses Gesetzes oder andere Rechtsvorschriften nicht entgegenstehen. Bei der Weiterverarbeitung dieser Daten zur vorbeugenden Bekämpfung von Straftaten gilt ergänzend Absatz 4."
42,Allgemeine Befugnisse für die Datenweiterverarbeitung,P42-A4,4,"Soweit dies zur vorbeugenden Bekämpfung von Straftaten erforderlich ist, kann die Polizei personenbezogene Daten nach Maßgabe von § 42a Absatz 1 bis 4 weiterverarbeiten von Personen,"
42,Allgemeine Befugnisse für die Datenweiterverarbeitung,,,"bei denen auf Grund tatsächlicher Anhaltspunkte eine hinreichende Wahrscheinlichkeit dafür besteht, dass sie eine Straftat begehen oder an ihr teilnehmen werden,"
42,Allgemeine Befugnisse für die Datenweiterverarbeitung,,,"bei denen auf Grund tatsächlicher Anhaltspunkte der Verdacht besteht, dass sie eine Straftat begangen oder an einer solchen teilgenommen haben,"
42,Allgemeine Befugnisse für die Datenweiterverarbeitung,,,die unter § 18 Absatz 2 Nummer 1 Buchstabe b bis e fallen.
42,Allgemeine Befugnisse für die Datenweiterverarbeitung,,,In den Fällen des Satzes 1 Nummer 2
42,Allgemeine Befugnisse für die Datenweiterverarbeitung,,,"ist die Weiterverarbeitung unzulässig, sofern die Person rechtskräftig freigesprochen wurde, die Eröffnung des Hauptverfahrens gegen sie unanfechtbar abgelehnt wurde oder das Verfahren nicht nur vorläufig eingestellt wurde und sich aus den Gründen der Entscheidung ergibt, dass sie die Straftat nicht oder nicht rechtswidrig begangen hat,"
42,Allgemeine Befugnisse für die Datenweiterverarbeitung,,,"entfällt nach Ablauf von zwei Jahren die Erforderlichkeit der Weiterverarbeitung zur vorbeugenden Bekämpfung von Straftaten, es sei denn, es besteht auf Grund tatsächlicher Anhaltspunkte eine hinreichende Wahrscheinlichkeit dafür, dass die Person weitere Straftaten begehen oder an solchen teilnehmen wird."
42,Allgemeine Befugnisse für die Datenweiterverarbeitung,P42-A5,5,"Werden wertende Angaben über eine Person in Dateisystemen gespeichert, muss feststellbar sein, bei welcher Stelle die den Angaben zugrunde liegenden Informationen vorhanden sind."
42,Allgemeine Befugnisse für die Datenweiterverarbeitung,P42-A6,6,"Sind bereits Daten zu einer Person vorhanden, können zu dieser Person auch"
42,Allgemeine Befugnisse für die Datenweiterverarbeitung,,,"personengebundene Hinweise, die zu ihrem Schutz oder zum Schutz der Bediensteten der Ordnungsbehörden und der Polizei erforderlich sind, und"
42,Allgemeine Befugnisse für die Datenweiterverarbeitung,,,"weitere Hinweise, die geeignet sind, dem Schutz Dritter oder der Gewinnung von Ermittlungsansätzen zu dienen,"
42,Allgemeine Befugnisse für die Datenweiterverarbeitung,,,weiterverarbeitet werden.
42a,Zweckbindung und Grundsatz der hypothetischen Datenneuerhebung,P42a-A1,1,"Die Ordnungsbehörden und die Polizei können personenbezogene Daten, die sie selbst erhoben haben, jeweils selbst weiterverarbeiten"
42a,Zweckbindung und Grundsatz der hypothetischen Datenneuerhebung,,,"zur Erfüllung derselben Aufgabe, der die Ermächtigungsgrundlage dient, die der Erhebung zugrunde lag,"
42a,Zweckbindung und Grundsatz der hypothetischen Datenneuerhebung,,,"zum Schutz derjenigen Rechtsgüter oder Rechte, den die der Erhebung zugrunde liegende Ermächtigungsgrundlage bezweckt, und"
42a,Zweckbindung und Grundsatz der hypothetischen Datenneuerhebung,,,"zur vorbeugenden Bekämpfung solcher Straftaten oder Ordnungswidrigkeiten, deren Verhütung die der Erhebung zugrunde liegende Ermächtigungsgrundlage bezweckt."
42a,Zweckbindung und Grundsatz der hypothetischen Datenneuerhebung,,,"Das Gleiche gilt für personenbezogene Daten, die die Ordnungsbehörden und die Polizei nicht selbst erhoben haben, mit der Maßgabe, dass für die Weiterverarbeitung der Zweck der rechtmäßigen Speicherung zu berücksichtigen ist."
42a,Zweckbindung und Grundsatz der hypothetischen Datenneuerhebung,P42a-A2,2,"Die Ordnungsbehörden und die Polizei können zur Erfüllung ihrer Aufgaben personenbezogene Daten zu anderen Zwecken als denjenigen, zu denen diese erhoben worden sind, weiterverarbeiten, wenn bezogen auf die Ermächtigungsgrundlage, die der Erhebung der weiterzuverarbeitenden Daten im Einzelfall zugrunde lag,"
42a,Zweckbindung und Grundsatz der hypothetischen Datenneuerhebung,,,mindestens
42a,Zweckbindung und Grundsatz der hypothetischen Datenneuerhebung,,,Straftaten oder Ordnungswidrigkeiten von vergleichbarem Gewicht verhütet oder verfolgt oder
42a,Zweckbindung und Grundsatz der hypothetischen Datenneuerhebung,,,Rechtsgüter oder sonstige Rechte von vergleichbarer Bedeutung geschützt
42a,Zweckbindung und Grundsatz der hypothetischen Datenneuerhebung,,,werden sollen und
42a,Zweckbindung und Grundsatz der hypothetischen Datenneuerhebung,,,sich im Einzelfall konkrete Ermittlungsansätze zur
42a,Zweckbindung und Grundsatz der hypothetischen Datenneuerhebung,,,Verhütung oder Verfolgung solcher Straftaten oder Ordnungswidrigkeiten ergeben oder
42a,Zweckbindung und Grundsatz der hypothetischen Datenneuerhebung,,,"Abwehr von in einem übersehbaren Zeitraum drohenden Gefahren für mindestens vergleichbar bedeutsame Rechtsgüter oder sonstige Rechte erkennen lassen,"
42a,Zweckbindung und Grundsatz der hypothetischen Datenneuerhebung,,,"soweit nicht Vorschriften dieses Gesetzes oder andere Rechtsvorschriften die zweckändernde Weiterverarbeitung besonders regeln oder eine Datenerhebung zu dem anderen Zweck mit vergleichbaren Mitteln zulassen. Abweichend von Satz 1 können die vorhandenen zur Identifizierung dienenden Daten einer Person, wie insbesondere Namen, Geschlecht, Geburtsdatum, Geburtsort, Staatsangehörigkeit, Anschrift, auch weiterverarbeitet werden, um entsprechende Identifizierungen vorzunehmen. Die Sätze 1 und 2 gelten entsprechend für personenbezogene Daten, denen keine Erhebung vorausgegangen ist, mit der Maßgabe, dass für die Weiterverarbeitung der Zweck der Speicherung zu berücksichtigen ist. Eine Weiterverarbeitung zu anderen Zwecken liegt nicht vor, wenn sie der Wahrnehmung von Aufsichts- und Kontrollbefugnissen, der Rechnungsprüfung oder der Durchführung von Organisationsuntersuchungen dient. Der Zugriff auf personenbezogene Daten ist insoweit nur zulässig, als er für die Ausübung dieser Befugnisse unverzichtbar ist. § 15 Absatz 1 Satz 1 und Absatz 5 sowie § 34 des Berliner Datenschutzgesetzes finden keine Anwendung."
42a,Zweckbindung und Grundsatz der hypothetischen Datenneuerhebung,P42a-A3,3,"Die Weiterverarbeitung personenbezogener Daten nach Absatz 1 oder Absatz 2, die durch einen verdeckten Einsatz technischer Mittel in oder aus Wohnungen oder durch einen verdeckten Eingriff in informationstechnische Systeme erlangt wurden, ist zudem nur zulässig, wenn im Einzelfall die jeweilige Gefahrenschwelle im Sinne von § 25b Absatz 1 Satz 1 beziehungsweise § 26b Absatz 1 in Verbindung mit § 26a Absatz 1 erreicht ist. Erfolgt die Weiterverarbeitung nach Satz 1 zweckändernd, muss die Zweckänderung im Einzelfall festgestellt und dokumentiert werden. Bildaufnahmen oder -aufzeichnungen, die aus einer Maßnahme nach § 25b Absatz 1 erlangt wurden, dürfen nicht zu Strafverfolgungszwecken weiterverarbeitet werden."
42a,Zweckbindung und Grundsatz der hypothetischen Datenneuerhebung,P42a-A4,4,"Bei der Weiterverarbeitung von personenbezogenen Daten ist durch organisatorische und technische Vorkehrungen sicherzustellen, dass die Absätze 1 bis 3 eingehalten werden."
42b,Kennzeichnung,P42b-A1,1,Bei der Speicherung in Informationssystemen sind personenbezogene Daten wie folgt zu kennzeichnen:
42b,Kennzeichnung,,,"Angabe des Mittels der Erhebung einschließlich der Angabe, ob die Daten offen oder verdeckt erhoben wurden,"
42b,Kennzeichnung,,,"Angabe der Kategorie betroffener Personen bei denjenigen Personen, zu denen der Identifizierung dienende Daten, wie insbesondere Namen, Geschlecht, Geburtsdatum, Geburtsort, Staatsangehörigkeit, Anschrift, angelegt wurden,"
42b,Kennzeichnung,,,"Angabe der Rechtsgüter oder sonstigen Rechte, deren Schutz die Erhebungsvorschrift bezweckt, oder der Straftaten oder Ordnungswidrigkeiten, deren Verfolgung oder Verhütung die Erhebungsvorschrift bezweckt,"
42b,Kennzeichnung,,,"Angabe der Stelle, die die Daten erhoben hat."
42b,Kennzeichnung,,,"Die Kennzeichnung nach Satz 1 Nummer 1 kann durch die Angabe der Rechtsgrundlage der jeweiligen Mittel der Datenerhebung ergänzt werden. Personenbezogene Daten, denen keine Erhebung vorausgegangen ist, sind, soweit möglich, nach Satz 1 zu kennzeichnen; darüber hinaus sind die erste diese Daten verarbeitende Stelle und, soweit möglich, diejenige Stelle, von der die Daten erlangt wurden, anzugeben. § 51a Absatz 2 bleibt unberührt."
42b,Kennzeichnung,P42b-A2,2,"Personenbezogene Daten, die nicht nach Absatz 1 gekennzeichnet sind, dürfen nicht weiterverarbeitet oder übermittelt werden."
42b,Kennzeichnung,P42b-A3,3,Nach einer Übermittlung an eine andere Stelle hat diese die Kennzeichnung aufrechtzuerhalten.
42b,Kennzeichnung,P42b-A4,4,"Die Absätze 1 bis 3 gelten nicht, soweit eine Kennzeichnung"
42b,Kennzeichnung,,,"tatsächlich nicht möglich ist,"
42b,Kennzeichnung,,,technisch nicht möglich ist oder einen unverhältnismäßigen technischen Aufwand erfordern würde.
42b,Kennzeichnung,,,Auf Datenverarbeitungen nach § 42d findet dies keine Anwendung.
42c,"Übermittlung und Weiterverarbeitung personenbezogener Daten zu wissenschaftlichen und historischen Forschungszwecken, zu archivarischen und statistischen Zwecken sowie zur Aus- und Fortbildung",P42c-A1,1,"Die Ordnungsbehörden und die Polizei können zu im öffentlichen Interesse liegenden wissenschaftlichen und historischen Forschungszwecken sowie zu archivarischen und statistischen Zwecken personenbezogene Daten, einschließlich besonderer Kategorien personenbezogener Daten, an Hochschulen, an andere Einrichtungen, die wissenschaftliche oder historische Forschung betreiben, und an öffentliche Stellen übermitteln,"
42c,"Übermittlung und Weiterverarbeitung personenbezogener Daten zu wissenschaftlichen und historischen Forschungszwecken, zu archivarischen und statistischen Zwecken sowie zur Aus- und Fortbildung",,,wenn die betroffene Person eingewilligt hat oder
42c,"Übermittlung und Weiterverarbeitung personenbezogener Daten zu wissenschaftlichen und historischen Forschungszwecken, zu archivarischen und statistischen Zwecken sowie zur Aus- und Fortbildung",,,wenn
42c,"Übermittlung und Weiterverarbeitung personenbezogener Daten zu wissenschaftlichen und historischen Forschungszwecken, zu archivarischen und statistischen Zwecken sowie zur Aus- und Fortbildung",,,"dies für die Durchführung bestimmter wissenschaftlicher oder historischer Forschungsarbeiten, für archivarische oder statistische Zwecke erforderlich ist,"
42c,"Übermittlung und Weiterverarbeitung personenbezogener Daten zu wissenschaftlichen und historischen Forschungszwecken, zu archivarischen und statistischen Zwecken sowie zur Aus- und Fortbildung",,,eine Übermittlung anonymisierter oder pseudonymisierter Daten zu diesem Zweck nicht möglich ist und das öffentliche Interesse an der Durchführung des Vorhabens das schutzwürdige Interesse der betroffenen Person an dem Ausschluss der Übermittlung erheblich überwiegt und
42c,"Übermittlung und Weiterverarbeitung personenbezogener Daten zu wissenschaftlichen und historischen Forschungszwecken, zu archivarischen und statistischen Zwecken sowie zur Aus- und Fortbildung",,,der jeweilige Zweck nicht auf andere Weise erreicht werden kann.
42c,"Übermittlung und Weiterverarbeitung personenbezogener Daten zu wissenschaftlichen und historischen Forschungszwecken, zu archivarischen und statistischen Zwecken sowie zur Aus- und Fortbildung",,,"§ 59 des Berliner Datenschutzgesetzes sowie § 42a Absatz 1, 2 und 4 finden insoweit keine Anwendung."
42c,"Übermittlung und Weiterverarbeitung personenbezogener Daten zu wissenschaftlichen und historischen Forschungszwecken, zu archivarischen und statistischen Zwecken sowie zur Aus- und Fortbildung",P42c-A2,2,"Nicht übermittelt werden dürfen personenbezogene Daten, die durch"
42c,"Übermittlung und Weiterverarbeitung personenbezogener Daten zu wissenschaftlichen und historischen Forschungszwecken, zu archivarischen und statistischen Zwecken sowie zur Aus- und Fortbildung",,,"gefahrenabwehrende medizinische, molekulargenetische oder körperliche Untersuchungen,"
42c,"Übermittlung und Weiterverarbeitung personenbezogener Daten zu wissenschaftlichen und historischen Forschungszwecken, zu archivarischen und statistischen Zwecken sowie zur Aus- und Fortbildung",,,"eine Aufzeichnung mit offen körpernah getragenen technischen Mitteln in nicht öffentlich zugänglichen Räumen,"
42c,"Übermittlung und Weiterverarbeitung personenbezogener Daten zu wissenschaftlichen und historischen Forschungszwecken, zu archivarischen und statistischen Zwecken sowie zur Aus- und Fortbildung",,,einen verdeckten Einsatz technischer Mittel in oder aus Wohnungen oder
42c,"Übermittlung und Weiterverarbeitung personenbezogener Daten zu wissenschaftlichen und historischen Forschungszwecken, zu archivarischen und statistischen Zwecken sowie zur Aus- und Fortbildung",,,einen verdeckten Eingriff in informationstechnische Systeme
42c,"Übermittlung und Weiterverarbeitung personenbezogener Daten zu wissenschaftlichen und historischen Forschungszwecken, zu archivarischen und statistischen Zwecken sowie zur Aus- und Fortbildung",,,erlangt wurden.
42c,"Übermittlung und Weiterverarbeitung personenbezogener Daten zu wissenschaftlichen und historischen Forschungszwecken, zu archivarischen und statistischen Zwecken sowie zur Aus- und Fortbildung",P42c-A3,3,"Eine Übermittlung personenbezogener Daten nach Absatz 1 darf nur an Amtsträgerinnen und Amtsträger (§ 11 Absatz 1 Nummer 2 des Strafgesetzbuches), an für den öffentlichen Dienst besonders Verpflichtete oder an Personen erfolgen, die zur Geheimhaltung verpflichtet worden sind. Die Übermittlung erfolgt erst dann, wenn die empfangende Stelle der übermittelnden Stelle ein Datenschutzkonzept vorgelegt hat, in dem sie geeignete Maßnahmen zur Erfüllung der Vorgaben des Absatzes 5 vorsieht und sich zu deren Umsetzung verpflichtet."
42c,"Übermittlung und Weiterverarbeitung personenbezogener Daten zu wissenschaftlichen und historischen Forschungszwecken, zu archivarischen und statistischen Zwecken sowie zur Aus- und Fortbildung",P42c-A4,4,"Die Daten dürfen nur für den Zweck weiterverarbeitet werden, für den sie nach Absatz 1 übermittelt worden sind. Die Weiterverarbeitung für andere Vorhaben im Sinne des Absatzes 2 oder die Weitergabe richten sich nach den Absätzen 1 bis 3 und bedürfen der Zustimmung der Stelle, die die Daten übermittelt hat. Die empfangende Stelle ist auf die Bestimmungen dieses Absatzes sowie diejenigen des Absatzes 6 hinzuweisen."
42c,"Übermittlung und Weiterverarbeitung personenbezogener Daten zu wissenschaftlichen und historischen Forschungszwecken, zu archivarischen und statistischen Zwecken sowie zur Aus- und Fortbildung",P42c-A5,5,"Die empfangende Stelle hat durch organisatorische und technische Maßnahmen zu gewährleisten, dass"
42c,"Übermittlung und Weiterverarbeitung personenbezogener Daten zu wissenschaftlichen und historischen Forschungszwecken, zu archivarischen und statistischen Zwecken sowie zur Aus- und Fortbildung",,,die Daten gegen unbefugte Kenntnisnahme geschützt sind und
42c,"Übermittlung und Weiterverarbeitung personenbezogener Daten zu wissenschaftlichen und historischen Forschungszwecken, zu archivarischen und statistischen Zwecken sowie zur Aus- und Fortbildung",,,bei besonderen Kategorien personenbezogener Daten § 51a Absatz 2 beachtet wird.
42c,"Übermittlung und Weiterverarbeitung personenbezogener Daten zu wissenschaftlichen und historischen Forschungszwecken, zu archivarischen und statistischen Zwecken sowie zur Aus- und Fortbildung",,,"Sobald der jeweilige Zweck es erlaubt, sind die personenbezogenen oder pseudonymisierten Daten zu anonymisieren, es sei denn, berechtigte Interessen der betroffenen Person stehen dem entgegen. Solange die Anonymisierung noch nicht möglich ist, sind die Merkmale gesondert aufzubewahren, mit denen Einzelangaben über persönliche oder sachliche Verhältnisse einer bestimmten oder bestimmbaren Person zugeordnet werden können. Sie dürfen mit den Einzelangaben nur zusammengeführt werden, soweit der jeweilige Zweck dies erfordert. Die Merkmale sind zu löschen, sobald der jeweilige Zweck dies erlaubt."
42c,"Übermittlung und Weiterverarbeitung personenbezogener Daten zu wissenschaftlichen und historischen Forschungszwecken, zu archivarischen und statistischen Zwecken sowie zur Aus- und Fortbildung",P42c-A6,6,"Die empfangende Stelle darf die personenbezogenen Daten nur veröffentlichen, wenn"
42c,"Übermittlung und Weiterverarbeitung personenbezogener Daten zu wissenschaftlichen und historischen Forschungszwecken, zu archivarischen und statistischen Zwecken sowie zur Aus- und Fortbildung",,,die betroffene Person eingewilligt hat oder
42c,"Übermittlung und Weiterverarbeitung personenbezogener Daten zu wissenschaftlichen und historischen Forschungszwecken, zu archivarischen und statistischen Zwecken sowie zur Aus- und Fortbildung",,,dies für die Darstellung von Forschungsergebnissen über Ereignisse der Zeitgeschichte unerlässlich ist und die übermittelnde Stelle zugestimmt hat.
42c,"Übermittlung und Weiterverarbeitung personenbezogener Daten zu wissenschaftlichen und historischen Forschungszwecken, zu archivarischen und statistischen Zwecken sowie zur Aus- und Fortbildung",P42c-A7,7,"Die in den §§ 48, 48a und 50, in den Artikeln 15, 16, 18 und 21 der Verordnung (EU) 2016/679 und in den §§ 41 bis 44 des Berliner Datenschutzgesetzes vorgesehenen Rechte der betroffenen Person sind insoweit beschränkt, als sie voraussichtlich die Verwirklichung der Forschungs- oder Statistikzwecke unmöglich machen oder ernsthaft beeinträchtigen und die Beschränkung für die Erfüllung der Forschungs- oder Statistikzwecke notwendig ist. Das Auskunftsrecht nach Artikel 15 der Verordnung (EU) 2016/679 und nach § 43 des Berliner Datenschutzgesetzes besteht darüber hinaus nicht, wenn die Daten zu Zwecken der wissenschaftlichen Forschung erforderlich sind und die Auskunftserteilung einen unverhältnismäßigen Aufwand erfordern würde."
42c,"Übermittlung und Weiterverarbeitung personenbezogener Daten zu wissenschaftlichen und historischen Forschungszwecken, zu archivarischen und statistischen Zwecken sowie zur Aus- und Fortbildung",P42c-A8,8,"Die Ordnungsbehörden und die Polizei können im Rahmen ihrer Aufgaben bei ihnen vorhandene personenbezogene Daten über die zulässige Speicherdauer hinaus unter den Voraussetzungen des Absatzes 1 zu den dort genannten Zwecken weiterverarbeiten. § 59 des Berliner Datenschutzgesetzes sowie § 42a Absatz 1, 2 und 4 finden insoweit keine Anwendung. Personenbezogenen Daten aus Maßnahmen nach Absatz 2 Nummer 1 dürfen nicht, personenbezogene Daten aus Maßnahmen nach Absatz 2 Nummer 2 bis 4 nur insoweit weiterverarbeitet werden, wie dies für die ordnungsbehördliche oder polizeiliche Forschung in eigenen Angelegenheiten oder für die Evaluation der Effektivität der ordnungsbehördlichen oder polizeilichen Aufgabenerfüllung unerlässlich ist. Absatz 5 gilt entsprechend."
42c,"Übermittlung und Weiterverarbeitung personenbezogener Daten zu wissenschaftlichen und historischen Forschungszwecken, zu archivarischen und statistischen Zwecken sowie zur Aus- und Fortbildung",P42c-A9,9,"Die Ordnungsbehörden und die Polizei können personenbezogene Daten über die zulässige Speicherdauer hinaus zur Aus- oder Fortbildung in anonymisierter Form weiterverarbeiten. Die Anonymisierung kann unterbleiben, wenn diese"
42c,"Übermittlung und Weiterverarbeitung personenbezogener Daten zu wissenschaftlichen und historischen Forschungszwecken, zu archivarischen und statistischen Zwecken sowie zur Aus- und Fortbildung",,,nicht mit vertretbarem Aufwand möglich ist oder
42c,"Übermittlung und Weiterverarbeitung personenbezogener Daten zu wissenschaftlichen und historischen Forschungszwecken, zu archivarischen und statistischen Zwecken sowie zur Aus- und Fortbildung",,,dem Aus- und Fortbildungszweck entgegensteht
42c,"Übermittlung und Weiterverarbeitung personenbezogener Daten zu wissenschaftlichen und historischen Forschungszwecken, zu archivarischen und statistischen Zwecken sowie zur Aus- und Fortbildung",,,und jeweils die berechtigten Interessen des Betroffenen an der Geheimhaltung der Daten nicht überwiegen. Absatz 8 Satz 2 und 3 gilt entsprechend.
42d,Training und Testung von KI-Systemen,P42d-A1,1,"Polizei und Feuerwehr können die bei ihnen jeweils rechtmäßig gespeicherten personenbezogenen Daten auch über die vorgesehene Speicherdauer hinaus weiterverarbeiten, wenn dies erforderlich ist, um KI-Systeme, die der Erfüllung ihrer jeweiligen Aufgaben dienen, unter Verwendung dieser Daten zu trainieren und zu testen. Bei der Weiterverarbeitung ist sicherzustellen, dass diskriminierende Algorithmen weder herausgebildet noch verwendet werden. Soweit wie technisch möglich, muss die Nachvollziehbarkeit des verwendeten Verfahrens sichergestellt werden. Die Weiterverarbeitung von personenbezogenen Daten, die aus in § 42c Absatz 2 genannten Maßnahmen erlangt wurden, ist unzulässig. Personenbezogene Daten nach Satz 1 dürfen nicht zum Trainieren oder Testen von KI-Systemen weiterverarbeitet werden, wenn die Daten nicht mit Hilfe solcher KI-Systeme erhoben oder verarbeitet werden dürften."
42d,Training und Testung von KI-Systemen,P42d-A2,2,"Personenbezogene Daten sind für die Verwendung zu Test- oder Trainingszwecken zu anonymisieren. Kann der Zweck des Tests oder Trainings mit anonymisierten Daten nicht erreicht werden oder ist die Anonymisierung nur mit unverhältnismäßigem Aufwand möglich, sind sie zu pseudonymisieren. Kann der Zweck des Tests oder Trainings auch mit pseudonymisierten Daten nicht erreicht werden oder ist auch die Pseudonymisierung nur mit unverhältnismäßigem Aufwand möglich, dürfen personenbezogene Daten verwendet werden. Besondere Kategorien personenbezogener Daten dürfen nur unter Gewährleistung von Garantien im Sinne des § 51a Absatz 2 verwendet werden. Die Daten sind unverzüglich zu löschen oder unumkehrbar zu anonymisieren, sobald sie zu Test- oder Trainingszwecken nicht mehr benötigt werden, sonst spätestens nach zwei Jahren, es sei denn, ihre Weiterverarbeitung ist nach anderen Rechtsvorschriften zulässig. Die Löschung ist zu protokollieren. Es ist unzulässig,"
42d,Training und Testung von KI-Systemen,,,"aus den nach Absatz 1 trainierten oder getesteten KI-Systemen die ursprünglichen personenbezogenen Daten wiederherzustellen,"
42d,Training und Testung von KI-Systemen,,,"personenbezogene Daten, die gemäß Satz 1 anonymisiert wurden, zu de-anonymisieren."
42d,Training und Testung von KI-Systemen,P42d-A3,3,"Zur Durchführung von Maßnahmen nach Absatz 1 und nach Maßgabe von Absatz 2 dürfen Polizei und Feuerwehr personenbezogene Daten an Auftragsverarbeitende weitergeben, wenn eine Verarbeitung durch sie selbst nicht oder nur mit unverhältnismäßigem Aufwand möglich ist. Ist die Verarbeitung durch Polizei und Feuerwehr auch unter Zuhilfenahme Auftragsverarbeitender nicht oder nur mit unverhältnismäßigem Aufwand möglich, dürfen Polizei und Feuerwehr personenbezogene Daten auch an Dritte zu dem in Satz 1 genannten Zweck übermitteln. Auftragsverarbeitende oder zur Verarbeitung eingesetzte Dritte müssen ihren Sitz in einem Mitgliedstaat der Europäischen Union oder in einem Schengen-assoziierten Staat haben; die Daten dürfen nur dorthin weitergeleitet und nur dort weiterverarbeitet werden. § 42c Absatz 3, 4 und 5 Satz 1 gilt entsprechend. Die bei Auftragsverarbeitenden oder zur Verarbeitung eingesetzten Dritten eingesetzten Personen sind nach § 1 des Verpflichtungsgesetzes zu verpflichten, sofern dies geboten erscheint. Die Übermittlung von Daten nach Absatz 1 Satz 4 ist unzulässig. Auftragsverarbeitende und zur Verarbeitung eingesetzte Dritte dürfen die übermittelten Daten nur im Rahmen des jeweiligen Trainings und der jeweiligen Tests verarbeiten. Sie dürfen die trainierten Modelle für eigene Zwecke weiternutzen, wenn Polizei oder Feuerwehr dem zugestimmt haben und sichergestellt werden kann, dass aus den trainierten Modellen keine Trainingsdaten abgeleitet werden können."
42d,Training und Testung von KI-Systemen,P42d-A4,4,Verwaltungsvorschriften bestimmen das Nähere insbesondere zu
42d,Training und Testung von KI-Systemen,,,"dem technische Verfahren nach Absatz 1,"
42d,Training und Testung von KI-Systemen,,,"der Art und dem Umfang der zu verarbeitenden Daten,"
42d,Training und Testung von KI-Systemen,,,"dem Personenkreis, der von der Verarbeitung betroffen ist,"
42d,Training und Testung von KI-Systemen,,,"den Sicherungsmaßnahmen zur Datenaktualität und -qualität,"
42d,Training und Testung von KI-Systemen,,,"den Sicherungsmaßnahmen zur Verhinderung unbefugter Datenzugriffe,"
42d,Training und Testung von KI-Systemen,,,"den Mindeststandards zur technischen Durchführung der Anonymisierung und Pseudonymisierung von Daten,"
42d,Training und Testung von KI-Systemen,,,der Beschreibung eines etwaigen unverhältnismäßigen Aufwands im Sinne von Absatz 2 Satz 2 und 3 und
42d,Training und Testung von KI-Systemen,,,den Lösch- und Protokollierungspflichten.
42d,Training und Testung von KI-Systemen,,,Die oder der Berliner Beauftragte für Datenschutz und Informationsfreiheit ist vor Erlass oder einer Änderung der Verwaltungsvorschriften anzuhören. Die Verwaltungsvorschriften sind zu veröffentlichen.
43,Allgemeine Grundsätze der Datenübermittlung,P43-A1,1,"Übermitteln die Ordnungsbehörden oder die Polizei personenbezogene Daten nach den Vorschriften dieses Gesetzes, gelten die nachfolgenden Regelungen; ferner ist § 42a Absatz 2 bis 4 entsprechend anzuwenden. Datenübermittlung im Sinne dieses Gesetzes ist auch die Weitergabe personenbezogener Daten innerhalb einer Behörde zwischen Stellen, die unterschiedliche gesetzliche Aufgaben wahrnehmen."
43,Allgemeine Grundsätze der Datenübermittlung,P43-A2,2,"Für die Übermittlung personenbezogener Daten zur vorbeugenden Bekämpfung von Straftaten gilt § 42 Absatz 4 entsprechend. Werden personenbezogene Daten zu Zwecken außerhalb des § 30 des Berliner Datenschutzgesetzes übermittelt, gilt § 60 des Berliner Datenschutzgesetzes entsprechend."
43,Allgemeine Grundsätze der Datenübermittlung,P43-A3,3,"Werden besondere Kategorien personenbezogener Daten übermittelt, hat die übermittelnde Stelle die empfangende Stelle darauf hinzuweisen, dass die Kennzeichnung der Daten nach § 51a Absatz 2 Satz 1 aufrechtzuerhalten ist. Die Hinweispflicht nach § 60 Absatz 2 des Berliner Datenschutzgesetzes bleibt unberührt."
43,Allgemeine Grundsätze der Datenübermittlung,P43-A4,4,"Die empfangende Stelle darf die übermittelten personenbezogenen Daten, soweit gesetzlich nichts anderes bestimmt ist, nur zu dem Zweck verarbeiten, zu dem sie ihr übermittelt worden sind. Eine Verarbeitung zu anderen Zwecken ist unter Beachtung des § 42a Absatz 2 bis 4 zulässig; im Falle des § 45 gilt dies nur, soweit zusätzlich die übermittelnde Ordnungsbehörde oder die Polizei zustimmt. Bei Übermittlungen nach den §§ 44a, 44b und 45 ist die empfangende Stelle auf die Bestimmungen dieses Absatzes gemäß § 60 Absatz 2 des Berliner Datenschutzgesetzes hinzuweisen."
43,Allgemeine Grundsätze der Datenübermittlung,P43-A5,5,"Personenbezogene Daten über die in § 18 Absatz 2 Nummer 1 Buchstabe b bis e genannten Personen sowie wertende Angaben dürfen nur an andere Ordnungs- und Polizeibehörden übermittelt werden. Das gilt nicht, wenn Vorschriften dieses Gesetzes oder andere Rechtsvorschriften eine solche Übermittlung erlauben."
43,Allgemeine Grundsätze der Datenübermittlung,P43-A6,6,"Die übermittelnde Stelle hat die Zulässigkeit der Übermittlung zu prüfen. Erfolgt die Übermittlung auf Grund eines Ersuchens, hat die übermittelnde Stelle nur zu prüfen, ob dieses im Rahmen der Aufgaben der empfangenden Stelle liegt. Im Übrigen hat sie die Zulässigkeit der Übermittlung nur zu prüfen, wenn Zweifel an der Rechtmäßigkeit der Verarbeitung durch die empfangende Stelle bestehen. Die empfangende Stelle hat der übermittelnden Stelle die erforderlichen Angaben zu machen."
43,Allgemeine Grundsätze der Datenübermittlung,P43-A7,7,"Erfolgt die Übermittlung durch ein automatisiertes Verfahren auf Abruf, trägt die abrufende Stelle die Verantwortung für deren Rechtmäßigkeit. Die übermittelnde Stelle prüft die Zulässigkeit der Abrufe nur, wenn dazu Anlass besteht. Die übermittelnde Stelle gewährleistet, dass die Übermittlung personenbezogener Daten zumindest durch geeignete Stichprobenverfahren festgestellt und überprüft werden kann."
43,Allgemeine Grundsätze der Datenübermittlung,P43-A8,8,"Sind mit personenbezogenen Daten, die nach den §§ 44 bis 45 übermittelt werden dürfen, weitere personenbezogene Daten der betroffenen oder einer dritten Person in Akten so verbunden, dass eine Trennung nicht oder nur mit unvertretbarem Aufwand möglich ist, so ist die Übermittlung auch dieser Daten zulässig, soweit nicht berechtigte Interessen der betroffenen oder der dritten Person an der Geheimhaltung offensichtlich überwiegen. Eine Verwendung dieser Daten ist unzulässig."
44,Datenübermittlung an öffentliche Stellen im Inland,P44-A1,1,"Zwischen den Ordnungsbehörden sowie zwischen den Ordnungsbehörden und der Polizei können im Land Berlin personenbezogene Daten übermittelt werden, soweit das zur Erfüllung ordnungsbehördlicher oder polizeilicher Aufgaben erforderlich ist; dies gilt auch für die Übermittlung von Daten an Gefahrenabwehr- oder Polizeibehörden eines anderen Landes oder des Bundes."
44,Datenübermittlung an öffentliche Stellen im Inland,P44-A2,2,"Im Übrigen können die Ordnungsbehörden und die Polizei personenbezogene Daten an Behörden oder sonstige öffentliche Stellen übermitteln, soweit das"
44,Datenübermittlung an öffentliche Stellen im Inland,,,"zur Erfüllung ordnungsbehördlicher oder polizeilicher Aufgaben,"
44,Datenübermittlung an öffentliche Stellen im Inland,,,"zur Abwehr einer Gefahr für oder durch den Empfänger,"
44,Datenübermittlung an öffentliche Stellen im Inland,,,zur Abwehr erheblicher Nachteile für das Gemeinwohl oder
44,Datenübermittlung an öffentliche Stellen im Inland,,,zur Abwehr einer schwerwiegenden Beeinträchtigung der Rechte einer Person
44,Datenübermittlung an öffentliche Stellen im Inland,,,erforderlich ist.
44,Datenübermittlung an öffentliche Stellen im Inland,P44-A2a,,(2a) § 45 Absatz 2 bis 6 gilt entsprechend für die Übermittlung personenbezogener Daten der dort genannten Personen durch die Polizei an eine von der zuständigen Senatsverwaltung bestimmte öffentliche Beratungs- oder Vermittlungsstelle.
44,Datenübermittlung an öffentliche Stellen im Inland,P44-A3,3,Auf Ersuchen übermitteln die Ordnungsbehörden und die Polizei personenbezogene Daten an Sachverständige oder sonstige Beauftragte im Sinne von § 35a des Berliner Datenschutzgesetzes zur Erfüllung von deren Aufgaben. Abweichend von § 43 Absatz 1 Satz 1 findet § 42a Absatz 2 bis 4 bei diesen Übermittlungen keine Anwendung.
44,Datenübermittlung an öffentliche Stellen im Inland,P44-A4,4,"Die Ordnungsbehörden und die Polizei können ferner im Inland zur Erfüllung ihrer Aufgaben personenbezogene Daten an öffentliche Stellen übermitteln, wenn die betroffene Person nach Maßgabe von § 18 Absatz 8 und in Kenntnis des Zwecks der Übermittlung in diese eingewilligt hat. Absatz 3 Satz 2 gilt entsprechend."
44,Datenübermittlung an öffentliche Stellen im Inland,P44-A5,5,"Andere Behörden und sonstige öffentliche Stellen können im Land Berlin personenbezogene Daten an die Ordnungsbehörden und die Polizei übermitteln, soweit das zur Erfüllung ordnungsbehördlicher oder polizeilicher Aufgaben erforderlich erscheint und die von der übermittelnden Stelle zu beachtenden Rechtsvorschriften nicht entgegenstehen. Sie sind zur Übermittlung verpflichtet, wenn diese zur Abwehr einer Gefahr für den Bestand oder die Sicherheit des Bundes oder eines Landes, für Leib, Leben, Freiheit oder sexuelle Selbstbestimmung einer Person oder für Sachen von bedeutendem Wert, deren Erhaltung im öffentlichen Interesse liegt, erforderlich ist."
44,Datenübermittlung an öffentliche Stellen im Inland,P44-A6,6,Andere Rechtsvorschriften für die Datenübermittlung im Inland bleiben unberührt.
44a,"Datenübermittlung an öffentliche Stellen der Europäischen Union, ihrer Mitgliedstaaten und der Schengen-assoziierten Staaten",P44a-A1,1,Die Ordnungsbehörden und die Polizei können personenbezogene Daten unter den gleichen Voraussetzungen wie im Inland an
44a,"Datenübermittlung an öffentliche Stellen der Europäischen Union, ihrer Mitgliedstaaten und der Schengen-assoziierten Staaten",,,"Behörden und sonstige öffentliche Stellen der Mitgliedstaaten der Europäischen Union,"
44a,"Datenübermittlung an öffentliche Stellen der Europäischen Union, ihrer Mitgliedstaaten und der Schengen-assoziierten Staaten",,,"Stellen der Europäischen Union, die mit Aufgaben zur Erfüllung der Zwecke des § 30 des Berliner Datenschutzgesetzes befasst sind, sowie"
44a,"Datenübermittlung an öffentliche Stellen der Europäischen Union, ihrer Mitgliedstaaten und der Schengen-assoziierten Staaten",,,Polizeibehörden oder sonstige für die Zwecke des § 30 des Berliner Datenschutzgesetzes zuständige öffentliche Stellen der Schengen-assoziierten Staaten
44a,"Datenübermittlung an öffentliche Stellen der Europäischen Union, ihrer Mitgliedstaaten und der Schengen-assoziierten Staaten",,,übermitteln.
44a,"Datenübermittlung an öffentliche Stellen der Europäischen Union, ihrer Mitgliedstaaten und der Schengen-assoziierten Staaten",P44a-A2,2,"Eine Übermittlung hat zu unterbleiben,"
44a,"Datenübermittlung an öffentliche Stellen der Europäischen Union, ihrer Mitgliedstaaten und der Schengen-assoziierten Staaten",,,"wenn hierdurch wesentliche Sicherheitsinteressen des Bundes oder eines Landes beeinträchtigt würden,"
44a,"Datenübermittlung an öffentliche Stellen der Europäischen Union, ihrer Mitgliedstaaten und der Schengen-assoziierten Staaten",,,"wenn hierdurch der Erfolg laufender Ermittlungen gefährdet würde,"
44a,"Datenübermittlung an öffentliche Stellen der Europäischen Union, ihrer Mitgliedstaaten und der Schengen-assoziierten Staaten",,,"soweit Grund zu der Annahme besteht, dass durch sie gegen den Zweck einer gesetzlichen Regelung verstoßen würde,"
44a,"Datenübermittlung an öffentliche Stellen der Europäischen Union, ihrer Mitgliedstaaten und der Schengen-assoziierten Staaten",,,"wenn tatsächliche Anhaltspunkte dafür vorliegen, dass sie zu den in der Charta der Grundrechte der Europäischen Union enthaltenen Grundsätzen in Widerspruch stünde, insbesondere weil durch die Nutzung der Daten im Empfängerstaat Menschenrechte oder elementare rechtsstaatliche Grundsätze verletzt zu werden drohen, oder"
44a,"Datenübermittlung an öffentliche Stellen der Europäischen Union, ihrer Mitgliedstaaten und der Schengen-assoziierten Staaten",,,wenn überwiegend schutzwürdige Interessen einer betroffenen Person entgegenstehen.
44b,Informationsaustausch zwischen Mitgliedstaaten der Europäischen Union und Schengen-assoziierten Staaten gemäß der Richtlinie (EU) 2023/977,P44b-A1,1,"Für den unmittelbaren Informationsaustausch zur Verhütung von Straftaten zwischen der Polizei und den Polizeibehörden oder sonstigen für die Verhütung oder Verfolgung von Straftaten zuständigen öffentlichen Stellen der Mitgliedstaaten der Europäischen Union und der Schengen-assoziierten Staaten sowie deren zentralen Kontaktstellen im Anwendungsbereich der Richtlinie (EU) 2023/977 des Europäischen Parlaments und des Rates vom 10. Mai 2023 über den Informationsaustausch zwischen den Strafverfolgungsbehörden der Mitgliedstaaten und zur Aufhebung des Rahmenbeschlusses 2006/960/JI (ABl. L 134 vom 22.5.2023, S. 1) gelten ergänzend zu den Bestimmungen dieses Gesetzes die folgenden Absätze. Soweit der Informationsaustausch über das Bundeskriminalamt als zentrale Kontaktstelle im Anwendungsbereich der Richtlinie (EU) 2023/977 erfolgt, gelten die Vorschriften des Bundeskriminalamtgesetzes."
44b,Informationsaustausch zwischen Mitgliedstaaten der Europäischen Union und Schengen-assoziierten Staaten gemäß der Richtlinie (EU) 2023/977,P44b-A2,2,Informationsersuchen an die zentrale Kontaktstelle eines in Absatz 1 Satz 1 genannten Staates sind dem Landeskriminalamt als benannter Stelle im Sinne von Artikel 4 Absatz 1 der Richtlinie (EU) 2023/977 vorbehalten. Solche Ersuchen müssen mindestens folgende Angaben enthalten:
44b,Informationsaustausch zwischen Mitgliedstaaten der Europäischen Union und Schengen-assoziierten Staaten gemäß der Richtlinie (EU) 2023/977,,,"die Angabe, ob das Ersuchen dringend ist, und gegebenenfalls die Gründe für die Dringlichkeit,"
44b,Informationsaustausch zwischen Mitgliedstaaten der Europäischen Union und Schengen-assoziierten Staaten gemäß der Richtlinie (EU) 2023/977,,,"eine Präzisierung der angeforderten mutmaßlich verfügbaren Informationen, die so detailliert ist, wie dies unter den gegebenen Umständen in angemessener Weise möglich ist,"
44b,Informationsaustausch zwischen Mitgliedstaaten der Europäischen Union und Schengen-assoziierten Staaten gemäß der Richtlinie (EU) 2023/977,,,"die Beschreibung des Zwecks, zu dem die Informationen angefordert werden, einschließlich einer Beschreibung des Sachverhalts und der zugrundeliegenden Straftat und"
44b,Informationsaustausch zwischen Mitgliedstaaten der Europäischen Union und Schengen-assoziierten Staaten gemäß der Richtlinie (EU) 2023/977,,,"etwaige Beschränkungen einer Verwendung der in dem Ersuchen enthaltenen Informationen zu anderen Zwecken als denen, für die sie übermittelt wurden."
44b,Informationsaustausch zwischen Mitgliedstaaten der Europäischen Union und Schengen-assoziierten Staaten gemäß der Richtlinie (EU) 2023/977,,,"Ersuchen sind in einer Sprache zu übermitteln, die der ersuchte Staat für diese Zwecke zugelassen hat. Eine Kopie des Ersuchens ist zugleich dem Bundeskriminalamt zu übermitteln."
44b,Informationsaustausch zwischen Mitgliedstaaten der Europäischen Union und Schengen-assoziierten Staaten gemäß der Richtlinie (EU) 2023/977,P44b-A3,3,"Wird ein Informationsersuchen unmittelbar an eine Polizeibehörde oder sonstige für die Verhütung oder Verfolgung von Straftaten zuständige öffentliche Stelle eines in Absatz 1 Satz 1 genannten Staates gerichtet, die nicht zugleich zentrale Kontaktstelle ist, ist dem Bundeskriminalamt sowie der zentralen Kontaktstelle des jeweiligen Staates jeweils zugleich eine Kopie zu übermitteln."
44b,Informationsaustausch zwischen Mitgliedstaaten der Europäischen Union und Schengen-assoziierten Staaten gemäß der Richtlinie (EU) 2023/977,P44b-A4,4,"Daten mit oder ohne Personenbezug (Informationen), die die Polizei zuvor von einem der in Absatz 1 Satz 1 genannten Staaten oder von einem Drittstaat erlangt hat, dürfen nur mit Einwilligung dieses Staates und nur unter den von ihm festgelegten Voraussetzungen für die Verwendung der Informationen übermittelt werden."
44b,Informationsaustausch zwischen Mitgliedstaaten der Europäischen Union und Schengen-assoziierten Staaten gemäß der Richtlinie (EU) 2023/977,P44b-A5,5,"Bei der Übermittlung von Informationen ist mitzuteilen, dass die Verwendung als Beweismittel in einem Gerichtsverfahren unzulässig ist, es sei denn,"
44b,Informationsaustausch zwischen Mitgliedstaaten der Europäischen Union und Schengen-assoziierten Staaten gemäß der Richtlinie (EU) 2023/977,,,"es liegt eine Zustimmung derjenigen Stelle vor, die für eine Zustimmung der Verwendung als Beweismittel zuständig ist, oder"
44b,Informationsaustausch zwischen Mitgliedstaaten der Europäischen Union und Schengen-assoziierten Staaten gemäß der Richtlinie (EU) 2023/977,,,die Verwendung als Beweismittel ist durch eine anwendbare völkerrechtliche Vereinbarung oder einen unmittelbar anwendbaren Rechtsakt der Europäischen Union zugelassen.
44b,Informationsaustausch zwischen Mitgliedstaaten der Europäischen Union und Schengen-assoziierten Staaten gemäß der Richtlinie (EU) 2023/977,,,Die Zuständigkeit für die Zustimmung einer Verwendung als Beweismittel nach Satz 1 Nummer 1 richtet sich nach den Vorschriften über die internationale Rechtshilfe in Strafsachen.
44b,Informationsaustausch zwischen Mitgliedstaaten der Europäischen Union und Schengen-assoziierten Staaten gemäß der Richtlinie (EU) 2023/977,P44b-A6,6,"Eine Übermittlung von Informationen an die zentrale Kontaktstelle eines in Absatz 1 Satz 1 genannten Staates erfolgt in einer Sprache, die dieser Staat für diese Zwecke zugelassenen hat; eine Kopie dieser Informationen ist zugleich dem Bundeskriminalamt zu übermitteln. Werden Informationen an eine andere Polizeibehörde oder an sonstige für die Verhütung oder Verfolgung von Straftaten zuständige öffentliche Stelle eines in Absatz 1 Satz 1 genannten Staates übermittelt, ist dem Bundeskriminalamt sowie der zentralen Kontaktstelle des jeweiligen Staates jeweils zugleich eine Kopie zu übermitteln."
44b,Informationsaustausch zwischen Mitgliedstaaten der Europäischen Union und Schengen-assoziierten Staaten gemäß der Richtlinie (EU) 2023/977,P44b-A7,7,"Die Polizei hat verfügbare Informationen im Sinne von Artikel 2 Absatz 5 der Richtlinie (EU) 2023/977 von sich aus an die zentrale Kontaktstelle oder eine Polizeibehörde oder sonstige für die Verhütung von Straftaten zuständige Stelle eines in Absatz 1 Satz 1 genannten Staates zu übermitteln, wenn tatsächliche Anhaltspunkte dafür vorliegen, dass diese Informationen für den jeweiligen Staat zum Zwecke der Verhütung von Straftaten im Sinne von Artikel 2 Absatz 3 der Richtlinie (EU) 2023/977 von Bedeutung sein können, keine der in § 44a Absatz 2 genannten Gründe vorliegen und die Informationen diesem Staat nicht bereits anderweitig übermittelt wurden."
44b,Informationsaustausch zwischen Mitgliedstaaten der Europäischen Union und Schengen-assoziierten Staaten gemäß der Richtlinie (EU) 2023/977,P44b-A8,8,"Informationen, die personenbezogene Daten darstellen, dürfen nur unter den Voraussetzungen des § 44a übermittelt werden; die Übermittlung ist auf solche Daten beschränkt, die unter die in Anhang II Abschnitt B der Verordnung (EU) 2016/794 aufgeführten Kategorien fallen. Eine für die Übermittlung personenbezogener Daten im Einzelfall erforderliche gerichtliche Erlaubnis ist unverzüglich einzuholen."
44c,Datenübermittlung an öffentliche Stellen in Drittstaaten und an sonstige über- und zwischenstaatliche Stellen,P44c-A1,1,"Die Ordnungsbehörden und die Polizei können unter Beachtung der §§ 64 bis 66 des Berliner Datenschutzgesetzes personenbezogene Daten zu Zwecken des § 30 des Berliner Datenschutzgesetzes an für diese Zwecke zuständige öffentliche Stellen in anderen als den in § 44a Absatz 1 genannten Staaten (Drittstaaten) übermitteln,"
44c,Datenübermittlung an öffentliche Stellen in Drittstaaten und an sonstige über- und zwischenstaatliche Stellen,,,soweit das erforderlich ist
44c,Datenübermittlung an öffentliche Stellen in Drittstaaten und an sonstige über- und zwischenstaatliche Stellen,,,zur Erfüllung ihrer Aufgabe oder
44c,Datenübermittlung an öffentliche Stellen in Drittstaaten und an sonstige über- und zwischenstaatliche Stellen,,,zur Abwehr einer erheblichen Gefahr für oder durch die empfangende Stelle
44c,Datenübermittlung an öffentliche Stellen in Drittstaaten und an sonstige über- und zwischenstaatliche Stellen,,,oder
44c,Datenübermittlung an öffentliche Stellen in Drittstaaten und an sonstige über- und zwischenstaatliche Stellen,,,soweit sie hierzu auf Grund über- oder zwischenstaatlicher Vereinbarungen berechtigt oder verpflichtet sind.
44c,Datenübermittlung an öffentliche Stellen in Drittstaaten und an sonstige über- und zwischenstaatliche Stellen,,,Das Gleiche gilt für die Übermittlung personenbezogener Daten an andere als die in § 44a Absatz 1 Nummer 2 genannten über- und zwischenstaatlichen Stellen.
44c,Datenübermittlung an öffentliche Stellen in Drittstaaten und an sonstige über- und zwischenstaatliche Stellen,P44c-A2,2,"Unter den Voraussetzungen des Absatzes 1 und nach Maßgabe von § 67 des Berliner Datenschutzgesetzes können die Ordnungsbehörden und die Polizei personenbezogene Daten zu Zwecken des § 30 des Berliner Datenschutzgesetzes auch an solche in Absatz 1 genannte Stellen übermitteln, die nicht für jene Zwecke zuständig sind."
44c,Datenübermittlung an öffentliche Stellen in Drittstaaten und an sonstige über- und zwischenstaatliche Stellen,P44c-A3,3,"Unter den Voraussetzungen des Absatzes 1 können die Ordnungsbehörden und die Polizei den in Absatz 2 genannten Stellen personenbezogene Daten auch zu Zwecken außerhalb des § 30 des Berliner Datenschutzgesetzes übermitteln, sofern die Artikel 44 bis 49 der Verordnung (EU) 2016/679 eingehalten werden."
44c,Datenübermittlung an öffentliche Stellen in Drittstaaten und an sonstige über- und zwischenstaatliche Stellen,P44c-A4,4,§ 44 Absatz 4 und § 44a Absatz 2 gelten entsprechend.
44c,Datenübermittlung an öffentliche Stellen in Drittstaaten und an sonstige über- und zwischenstaatliche Stellen,P44c-A5,5,Die Übermittlung personenbezogener Daten nach den Absätzen 1 bis 3 ist zu protokollieren. Das Protokoll hat
44c,Datenübermittlung an öffentliche Stellen in Drittstaaten und an sonstige über- und zwischenstaatliche Stellen,,,"den Zeitpunkt der Übermittlung,"
44c,Datenübermittlung an öffentliche Stellen in Drittstaaten und an sonstige über- und zwischenstaatliche Stellen,,,"die empfangende Stelle,"
44c,Datenübermittlung an öffentliche Stellen in Drittstaaten und an sonstige über- und zwischenstaatliche Stellen,,,den Grund der Übermittlung und
44c,Datenübermittlung an öffentliche Stellen in Drittstaaten und an sonstige über- und zwischenstaatliche Stellen,,,die übermittelten personenbezogenen Daten
44c,Datenübermittlung an öffentliche Stellen in Drittstaaten und an sonstige über- und zwischenstaatliche Stellen,,,zu enthalten. Die Protokolle sind der oder dem Berliner Beauftragten für Datenschutz und Informationsfreiheit auf Anforderung zur Verfügung zu stellen. § 27b Absatz 4 gilt entsprechend. Die Bestimmungen über die Protokollierung der Verarbeitung personenbezogener Daten in automatisierten Verarbeitungssystemen nach § 62 des Berliner Datenschutzgesetzes bleiben unberührt.
44c,Datenübermittlung an öffentliche Stellen in Drittstaaten und an sonstige über- und zwischenstaatliche Stellen,P44c-A6,6,Der Senat unterrichtet das Abgeordnetenhaus jährlich über Übermittlungen personenbezogener Daten nach den Absätzen 1 bis 3. Die parlamentarische Kontrolle wird auf der Grundlage dieses Berichts von einem Kontrollgremium ausgeübt. Die Vorschriften des Fünften Abschnitts des Verfassungsschutzgesetzes Berlin gelten entsprechend.
45,Datenübermittlung an nicht-öffentliche Stellen,P45-A1,1,"Die Ordnungsbehörden und die Polizei können personenbezogene Daten an nicht-öffentliche Stellen im Inland übermitteln, soweit"
45,Datenübermittlung an nicht-öffentliche Stellen,,,"dies zu den in § 44 Absatz 2 genannten Zwecken erforderlich ist,"
45,Datenübermittlung an nicht-öffentliche Stellen,,,die oder der Auskunftsbegehrende ein rechtliches Interesse an der Kenntnis der zu übermittelnden Daten glaubhaft macht und die schutzwürdigen Interessen der betroffenen Person nicht überwiegen oder
45,Datenübermittlung an nicht-öffentliche Stellen,,,"die oder der Auskunftsbegehrende ein berechtigtes Interesse geltend macht und offensichtlich ist, dass die Datenübermittlung im Interesse der betroffenen Person liegt."
45,Datenübermittlung an nicht-öffentliche Stellen,P45-A2,2,"Hat eine Person nach polizeilichen Erkenntnissen vorsätzlich den Körper, die Gesundheit, die Freiheit oder die sexuelle Selbstbestimmung einer anderen Person widerrechtlich verletzt oder eine andere Person widerrechtlich mit Gewaltanwendung bedroht, soll die Polizei die für eine Kontaktaufnahme erforderlichen personenbezogenen Daten"
45,Datenübermittlung an nicht-öffentliche Stellen,,,"jeder volljährigen Person, von der die widerrechtliche Handlung ausgegangen ist, sowie"
45,Datenübermittlung an nicht-öffentliche Stellen,,,"jeder volljährigen Person, gegen die sich die widerrechtliche Handlung gerichtet hat,"
45,Datenübermittlung an nicht-öffentliche Stellen,,,"(betroffene Personen) an eine von der jeweils zuständigen Senatsverwaltung bestimmte Beratungsstelle in nicht-öffentlicher Trägerschaft übermitteln, wenn dies nach den Umständen des Einzelfalles zur Verhütung weiterer solcher widerrechtlicher Handlungen oder wegen eines spezifischen Schutz- oder Hilfsbedarfs einer verletzten oder bedrohten betroffenen Person erforderlich erscheint. Dies gilt nicht, wenn überwiegende öffentliche Interessen oder schutzwürdige Belange einer betroffenen Person der Übermittlung offensichtlich entgegenstehen."
45,Datenübermittlung an nicht-öffentliche Stellen,P45-A3,3,Mit Einwilligung einer betroffenen Person kann die Polizei bei anderen als den in Absatz 2 genannten Rechtsgutsverletzungen die personenbezogenen Daten dieser Person in entsprechender Anwendung von Absatz 2 übermitteln.
45,Datenübermittlung an nicht-öffentliche Stellen,P45-A4,4,"Empfangende Stelle der Datenübermittlung nach den Absätzen 2 oder 3 kann auch eine von der jeweils zuständigen Senatsverwaltung bestimmte Vermittlungsstelle in nicht-öffentlicher Trägerschaft sein, welche die Daten an eine mit ihr kooperierende, nach den Umständen des Einzelfalles geeignete Beratungsstelle in nicht-öffentlicher Trägerschaft weiterübermittelt. Die Vermittlungsstelle darf die Daten nur nutzen"
45,Datenübermittlung an nicht-öffentliche Stellen,,,"zur Übermittlung an eine geeignete Beratungsstelle,"
45,Datenübermittlung an nicht-öffentliche Stellen,,,"sofern erforderlich, zur vorherigen Kontaktaufnahme mit der betroffenen Person, um deren Beratungsbedarf zu konkretisieren."
45,Datenübermittlung an nicht-öffentliche Stellen,P45-A5,5,"Beratungsstellen dürfen die übermittelten Daten ausschließlich dazu nutzen, der betroffenen Person unverzüglich ein Beratungsangebot mit dem Ziel der Verhütung weiterer widerrechtlicher Handlungen oder zur Erfüllung des festgestellten spezifischen Schutz- oder Hilfsbedarfs zu unterbreiten."
45,Datenübermittlung an nicht-öffentliche Stellen,P45-A6,6,"Lehnt in den Fällen der Absätze 2 bis 4 eine betroffene Person eine Beratung ab, sind die zu ihr übermittelten Daten unverzüglich zu löschen. Das Gleiche gilt, wenn eine betroffene Person das Beratungsangebot nicht innerhalb von drei Monaten annimmt. Nimmt eine betroffene Person das Beratungsangebot an, speichert die jeweils empfangende Stelle deren personenbezogene Daten so lange, wie dies erforderlich ist, um die jeweilige Unterstützungsleistung zu erbringen, höchstens jedoch bis zu zwölf Monaten nach dem letzten Kontakt zwischen ihr und der betroffenen Person. Die Polizei protokolliert die Datenübermittlung und weist die jeweils empfangende Stelle auf die Pflichten zur Beachtung der jeweiligen Zweckbestimmung sowie zur Löschung hin."
45,Datenübermittlung an nicht-öffentliche Stellen,P45-A7,7,Für die Übermittlung personenbezogener Daten durch die Ordnungsbehörden und die Polizei an nicht-öffentliche Stellen in einem Mitgliedstaat der Europäischen Union oder eines Schengen-assoziierten Staates gelten Absatz 1 sowie § 44a Absatz 2 entsprechend.
45,Datenübermittlung an nicht-öffentliche Stellen,P45-A8,8,Unter den Voraussetzungen des § 44c Absatz 1 Satz 1 können die Ordnungsbehörden und die Polizei personenbezogene Daten zu Zwecken des § 30 des Berliner Datenschutzgesetzes unter Beachtung des § 67 des Berliner Datenschutzgesetzes auch an nicht-öffentliche Stellen in Drittstaaten übermitteln. § 44a Absatz 2 und § 44c Absatz 5 und 6 gelten entsprechend.
45,Datenübermittlung an nicht-öffentliche Stellen,P45-A9,9,"Unter den Voraussetzungen des § 44c Absatz 1 Satz 1 können die Ordnungsbehörden und die Polizei personenbezogene Daten auch zu Zwecken außerhalb des § 30 des Berliner Datenschutzgesetzes an nicht-öffentliche Stellen in Drittstaaten übermitteln, sofern die Artikel 44 bis 49 der Verordnung (EU) 2016/679 eingehalten werden."
45,Datenübermittlung an nicht-öffentliche Stellen,P45-A10,10,§ 44 Absatz 4 gilt entsprechend.
45a,Zuverlässigkeitsüberprüfungen,P45a-A1,1,"Die Polizei kann personenbezogene Daten zur Überprüfung der Zuverlässigkeit einer Person verarbeiten, wenn hieran auf Grund einer auf tatsächlichen Anhaltspunkten beruhenden besonderen Gefährdungslage ein öffentliches Sicherheitsinteresse besteht und eine Sicherheitsüberprüfung nicht bereits durch eine andere Rechtsvorschrift vorgesehen oder eine Zuverlässigkeitsüberprüfung anderweitig abschließend geregelt ist."
45a,Zuverlässigkeitsüberprüfungen,P45a-A2,2,Eine Zuverlässigkeitsüberprüfung kann insbesondere in folgenden Fällen durchgeführt werden:
45a,Zuverlässigkeitsüberprüfungen,,,"privilegierter Zugang zu einer Veranstaltung, wenn dies auf Grund tatsächlicher Anhaltspunkte für eine besondere Gefährdungslage erforderlich ist,"
45a,Zuverlässigkeitsüberprüfungen,,,unbegleiteter Zutritt zu Liegenschaften von
45a,Zuverlässigkeitsüberprüfungen,,,"Behörden mit Sicherheits- und Vollzugsaufgaben,"
45a,Zuverlässigkeitsüberprüfungen,,,Justizbehörden und Gerichten oder
45a,Zuverlässigkeitsüberprüfungen,,,"anderen öffentlichen Stellen, wenn dies auf Grund tatsächlicher Anhaltspunkte für eine besondere Gefährdungslage erforderlich ist (anderen besonders gefährdeten öffentlichen Stellen),"
45a,Zuverlässigkeitsüberprüfungen,,,"Erbringung selbstständiger Dienstleistungen zur Unterstützung oder Beratung der in Nummer 2 genannten öffentlichen Stellen,"
45a,Zuverlässigkeitsüberprüfungen,,,"Zugang zu Vergabe- und Vertragsunterlagen, aus denen sich sicherheitsrelevante Funktionszusammenhänge, insbesondere aus baulichen und betrieblichen Anforderungen für Liegenschaften, der in Nummer 2 genannten öffentlichen Stellen ergeben."
45a,Zuverlässigkeitsüberprüfungen,P45a-A3,3,Die Datenverarbeitung zur Durchführung der Zuverlässigkeitsüberprüfung erfolgt
45a,Zuverlässigkeitsüberprüfungen,,,"auf Ersuchen der über die Zulassung der betroffenen Person entscheidenden Stelle, sofern nicht die Polizei selbst über die Zulassung zu entscheiden hat, oder"
45a,Zuverlässigkeitsüberprüfungen,,,"in den Fällen des Absatzes 2 Nummer 1 auch auf Anordnung der Polizei gegenüber der Veranstalterin oder dem Veranstalter, wenn die Veranstaltung nicht von einer öffentlichen Stelle durchgeführt wird und die Veranstalterin oder der Veranstalter nicht selbst um die Überprüfung der Zuverlässigkeit ersucht."
45a,Zuverlässigkeitsüberprüfungen,,,"Die Polizei kann von der ersuchenden Stelle oder im Falle des Absatzes 2 Nummer 1 von der Veranstalterin oder dem Veranstalter verlangen, die tatsächlichen Anhaltspunkte für das Vorliegen einer besonderen Gefährdungslage darzulegen. Widerspruch und Klage gegen eine Anordnung nach Satz 1 Nummer 2 haben keine aufschiebende Wirkung."
45a,Zuverlässigkeitsüberprüfungen,P45a-A4,4,"Die Datenverarbeitung zur Durchführung der Zuverlässigkeitsüberprüfung bedarf der schriftlichen oder elektronischen Einwilligung der betroffenen Person. Die über die Zulassung der betroffenen Person entscheidende Stelle hat die betroffene Person vor Erteilung der Einwilligung über Anlass, Ablauf und Inhalt der Überprüfung, über die hiermit verbundene Datenverarbeitung, die mitwirkenden Stellen sowie die in Absatz 8 Satz 1 bis 3 genannten Kriterien zu informieren. Dies gilt nicht, wenn die Information auf andere Weise, insbesondere durch eine andere öffentliche Stelle, sichergestellt ist. § 41 des Berliner Datenschutzgesetzes bleibt unberührt."
45a,Zuverlässigkeitsüberprüfungen,P45a-A5,5,"Zur Durchführung der Zuverlässigkeitsüberprüfung erhebt die Polizei folgende personenbezogene Daten der betroffenen Person, die ihr von der über die Zulassung der Person entscheidenden Stelle übermittelt werden:"
45a,Zuverlässigkeitsüberprüfungen,,,"Funktion oder Tätigkeit,"
45a,Zuverlässigkeitsüberprüfungen,,,"Geschlecht,"
45a,Zuverlässigkeitsüberprüfungen,,,"Nummer des Personalausweises, des Reisepasses oder eines amtlichen Ersatzdokumentes,"
45a,Zuverlässigkeitsüberprüfungen,,,"Name und Geburtsname,"
45a,Zuverlässigkeitsüberprüfungen,,,"Vornamen,"
45a,Zuverlässigkeitsüberprüfungen,,,"Geburtsdatum und -ort,"
45a,Zuverlässigkeitsüberprüfungen,,,aktueller Wohnort und
45a,Zuverlässigkeitsüberprüfungen,,,"Wohnorte in den letzten fünf Jahren mit Angabe des Zeitraums, der Straße, der Hausnummer, der Postleitzahl, eines etwa vorhandenen Zusatzes, des Landes und des Staates."
45a,Zuverlässigkeitsüberprüfungen,,,"Soweit dies im Einzelfall erforderlich ist, kann die Polizei die Identität der betroffenen Person verifizieren. Zu diesem Zweck kann sie mit deren Einwilligung Kopien der Ausweisdokumente anfertigen oder anfordern sowie manuell oder im Wege des automatisierten Verfahrens auf Abruf einen Abgleich mit den Meldedaten nach den §§ 34, 38 des Bundesmeldegesetzes und § 32 Absatz 1 der Verordnung zur Übermittlung von Meldedaten in Berlin vornehmen."
45a,Zuverlässigkeitsüberprüfungen,P45a-A6,6,"Soweit dies im Einzelfall mit Blick auf den Anlass und die Tätigkeit der betroffenen Person erforderlich und angemessen ist, gleicht die Polizei die erlangten Daten mit den Datenbeständen"
45a,Zuverlässigkeitsüberprüfungen,,,"der Polizeien des Bundes und der Länder,"
45a,Zuverlässigkeitsüberprüfungen,,,"der Justizbehörden und ordentlichen Gerichte, wenn Erkenntnisse über Strafverfahren vorliegen,"
45a,Zuverlässigkeitsüberprüfungen,,,"der Nachrichtendienste des Bundes und der Länder,"
45a,Zuverlässigkeitsüberprüfungen,,,"des Bundesamtes für Migration und Flüchtlinge, sofern die zu überprüfende Person eine ausländische Staatsangehörigkeit besitzt, sowie"
45a,Zuverlässigkeitsüberprüfungen,,,"der zuständigen Polizeien im Ausland, wenn die zu überprüfende Person ihren Wohnsitz im Ausland hat,"
45a,Zuverlässigkeitsüberprüfungen,,,"ab und prüft, welche Erkenntnisse zu der betroffenen Person vorliegen. Soweit die Polizei Erkenntnisse nicht unmittelbar automatisiert erlangt, übermittelt sie die nach Absatz 5 erhobenen Daten an die in Satz 1 genannten Behörden und ersucht diese um Übermittlung etwaig vorliegender Erkenntnisse. Die Mitteilung, welche Erkenntnisse vorliegen, erfolgt nach den für die übermittelnde Stelle geltenden Rechtsvorschriften."
45a,Zuverlässigkeitsüberprüfungen,P45a-A7,7,"Obliegt der Polizei in eigenen Angelegenheiten die Entscheidung über die Zulassung der betroffenen Person, entscheidet sie über deren Zuverlässigkeit. Hierbei nimmt sie anhand der aus dem Abgleich nach Absatz 6 gewonnenen Erkenntnisse eine Gesamtwürdigung der Umstände des Einzelfalles vor."
45a,Zuverlässigkeitsüberprüfungen,P45a-A8,8,An der Zuverlässigkeit fehlt es der Person in der Regel
45a,Zuverlässigkeitsüberprüfungen,,,"bei einer rechtskräftigen Verurteilung wegen eines Verbrechens,"
45a,Zuverlässigkeitsüberprüfungen,,,"bei einer rechtskräftigen Verurteilung wegen eines Vergehens, das im Einzelfall nach Art und Schwere geeignet ist, den Rechtsfrieden besonders zu stören, soweit die Tat"
45a,Zuverlässigkeitsüberprüfungen,,,"sich gegen Leben, Gesundheit, Freiheit oder sexuelle Selbstbestimmung einer Person oder gegen bedeutende fremde Sach- oder Vermögenswerte gerichtet hat, oder"
45a,Zuverlässigkeitsüberprüfungen,,,"auf den Gebieten des unerlaubten Waffen- oder Betäubungsmittelverkehrs, der Geld- oder Wertzeichenfälschung, soweit dieses gewerbs-, gewohnheits-, serien-, bandenmäßig oder sonst organisiert begangen wurde,"
45a,Zuverlässigkeitsüberprüfungen,,,"bei einer rechtskräftigen Verurteilung wegen eines Staatsschutzdelikts,"
45a,Zuverlässigkeitsüberprüfungen,,,bei früherer Mitgliedschaft
45a,Zuverlässigkeitsüberprüfungen,,,"in einem Verein, der nach dem Vereinsgesetz als Organisation unanfechtbar verboten wurde oder der einem unanfechtbaren Betätigungsverbot nach dem Vereinsgesetz unterliegt, oder"
45a,Zuverlässigkeitsüberprüfungen,,,"in einer Partei, deren Verfassungswidrigkeit das Bundesverfassungsgericht nach § 46 des Bundesverfassungsschutzgesetzes festgestellt hat,"
45a,Zuverlässigkeitsüberprüfungen,,,"wenn seit der Beendigung der Mitgliedschaft zehn Jahre noch nicht verstrichen sind, oder"
45a,Zuverlässigkeitsüberprüfungen,,,"bei Vorliegen von tatsächlichen Anhaltspunkten dafür, dass die betroffene Person"
45a,Zuverlässigkeitsüberprüfungen,,,"in Beziehung zum internationalen Terrorismus oder zur organisierten Kriminalität steht,"
45a,Zuverlässigkeitsüberprüfungen,,,"in den letzten fünf Jahren Bestrebungen oder Tätigkeiten im Sinne von § 3 Absatz 1 des Bundesverfassungsschutzgesetzes verfolgt oder unterstützt hat oder Mitglied oder Anhänger einer Vereinigung war, die solche Bestrebungen verfolgt oder verfolgt hat."
45a,Zuverlässigkeitsüberprüfungen,,,"Bei anderweitigen rechtskräftigen Verurteilungen oder sonstigen Erkenntnissen ist im Wege der Gesamtwürdigung zu prüfen, ob sich daraus im Hinblick auf die Sicherheit der betroffenen Stelle oder der betroffenen Veranstaltung Zweifel an der Zuverlässigkeit der betroffenen Person ergeben. Als sonstige Erkenntnisse kommen insbesondere in Betracht:"
45a,Zuverlässigkeitsüberprüfungen,,,"laufende oder eingestellte Ermittlungs- oder Strafverfahren,"
45a,Zuverlässigkeitsüberprüfungen,,,"Erkenntnisse aus den für den Staatsschutz, die Bekämpfung der organisierten Kriminalität oder der Rauschgiftkriminalität zuständigen Bereichen,"
45a,Zuverlässigkeitsüberprüfungen,,,"Alkohol-, Rauschmittel- oder Medikamentenabhängigkeit oder regelmäßiger Missbrauch dieser Substanzen oder"
45a,Zuverlässigkeitsüberprüfungen,,,"Erkenntnisse, dass die betroffene Person eine Gefahr für sich selbst darstellt oder zukünftig darstellen wird."
45a,Zuverlässigkeitsüberprüfungen,P45a-A9,9,"Obliegt in den Fällen des Absatzes 2 Nummer 1 einer nichtöffentlichen Stelle die Entscheidung über die Zulassung der betroffenen Person, entscheidet die Polizei nach Maßgabe von Absatz 7 Satz 2, Absatz 8 über die Zuverlässigkeit dieser Person. Die Polizei teilt der nicht-öffentlichen Stelle ausschließlich mit, ob es der betroffenen Person an der erforderlichen Zuverlässigkeit fehlt oder nicht; die der Gesamtwürdigung zugrunde liegenden Erkenntnisse werden nicht mitgeteilt. Fehlt es einer Person danach an der Zuverlässigkeit, darf sie nicht zugelassen werden; das Gleiche gilt, wenn die betroffene Person keine Einwilligung zur Zuverlässigkeitsüberprüfung erteilt hat. Hierauf weist die Polizei die betreffende Stelle hin."
45a,Zuverlässigkeitsüberprüfungen,P45a-A10,10,"Obliegt einer Behörde oder sonstigen öffentlichen Stelle die Entscheidung über die Zulassung der betroffenen Person, entscheidet diese Stelle nach Maßgabe von Absatz 7 Satz 2, Absatz 8 über die Zuverlässigkeit dieser Person. Zu diesem Zweck unterrichtet die Polizei sie über die ihr aus den eigenen Datenbeständen vorliegenden Erkenntnisse, soweit kein öffentliches Interesse an der Geheimhaltung dieser Erkenntnisse entgegensteht, gegebenenfalls durch Angabe von"
45a,Zuverlässigkeitsüberprüfungen,,,"Deliktsbezeichnung,"
45a,Zuverlässigkeitsüberprüfungen,,,"Tatort,"
45a,Zuverlässigkeitsüberprüfungen,,,"Tatzeit,"
45a,Zuverlässigkeitsüberprüfungen,,,"Ausgang des Verfahrens, soweit feststellbar, sowie"
45a,Zuverlässigkeitsüberprüfungen,,,Name und Aktenzeichen der sachbearbeitenden Justiz- oder Polizeibehörde.
45a,Zuverlässigkeitsüberprüfungen,,,"Erhält die Polizei im Verfahren nach Absatz 6 Kenntnis davon, dass einer der dort genannten mitwirkenden Stellen Erkenntnisse im Sinne der in Absatz 8 Satz 1 bis 3 genannten Kriterien zu der betroffenen Person vorliegen, teilt sie dies der ersuchenden Behörde oder öffentlichen Stelle unter Nennung der erkenntnishaltenden Stelle mit."
45a,Zuverlässigkeitsüberprüfungen,P45a-A11,11,"Die Polizei kann ihre Datenbestände in angemessenen Abständen bis zum Eintritt des für die Überprüfung Anlass gebenden Ereignisses automatisiert auf das Vorliegen neuer Erkenntnisse abfragen. Liegen neue Erkenntnisse vor, ist die Zuverlässigkeit der betroffenen Person unter Berücksichtigung dieser Erkenntnisse erneut zu bewerten. Im Verfahren nach Absatz 9 ist die betreffende Stelle über ein von der Mitteilung nach Absatz 9 Satz 1 abweichendes Ergebnis der Bewertung zu unterrichten. Im Verfahren nach Absatz 10 teilt die Polizei der ersuchenden Behörde oder öffentlichen Stelle die neuen Erkenntnisse mit."
45a,Zuverlässigkeitsüberprüfungen,P45a-A12,12,Die von der Polizei übermittelten Daten dürfen nur für die Entscheidung über die Zulassung der betroffenen Person in den Fällen der Absätze 1 und 2 verarbeitet werden. Die Polizei hat die empfangende Stelle schriftlich oder elektronisch auf die Einhaltung dieser Zweckbestimmung hinzuweisen.
45a,Zuverlässigkeitsüberprüfungen,P45a-A13,13,"In den Fällen des Absatzes 7 hat die Polizei die bei ihr vorhandenen Daten ab dem Zeitpunkt der Entscheidung über die Zulassung der betroffenen Person zu Dokumentationszwecken bis zum Ende des Jahres, das dem Jahr der Entscheidung folgt, zu speichern. In den Fällen des Absatzes 9 gilt dies mit der Maßgabe, dass die Frist mit Abschluss der Übermittlung an die ersuchende Stelle beginnt. Eine längere Speicherung ist zulässig, soweit und solange sie auf Grund eines bereits anhängigen oder zu erwartenden Rechtsstreits erforderlich ist. Im Übrigen darf die Polizei die von ihr gespeicherten Daten zu anderen Zwecken nur dann verarbeiten, wenn dies zur Abwehr dringender Gefahren oder zur Verfolgung von Straftaten von erheblicher Bedeutung erforderlich ist."
45b,Zuverlässigkeitsüberprüfungen von Bewerberinnen und Bewerbern bei Polizei und Feuerwehr,P45b-A1,1,"Geeignete Bewerberinnen und Bewerber, die eine Tätigkeit bei der Polizei oder der Feuerwehr anstreben, werden vor ihrer Einstellung durch die jeweils für die Einstellung zuständige Stelle nach dieser Vorschrift auf ihre Zuverlässigkeit überprüft."
45b,Zuverlässigkeitsüberprüfungen von Bewerberinnen und Bewerbern bei Polizei und Feuerwehr,P45b-A2,2,Zur Durchführung der Zuverlässigkeitsüberprüfungen erhebt die in Absatz 1 genannte Stelle jeweils folgende personenbezogene Daten der betroffenen Person:
45b,Zuverlässigkeitsüberprüfungen von Bewerberinnen und Bewerbern bei Polizei und Feuerwehr,,,"Funktion oder Tätigkeit,"
45b,Zuverlässigkeitsüberprüfungen von Bewerberinnen und Bewerbern bei Polizei und Feuerwehr,,,"Geschlecht,"
45b,Zuverlässigkeitsüberprüfungen von Bewerberinnen und Bewerbern bei Polizei und Feuerwehr,,,"Nummer des Personalausweises, Reisepasses oder eines amtlichen Ersatzdokumentes,"
45b,Zuverlässigkeitsüberprüfungen von Bewerberinnen und Bewerbern bei Polizei und Feuerwehr,,,"Name und Geburtsname,"
45b,Zuverlässigkeitsüberprüfungen von Bewerberinnen und Bewerbern bei Polizei und Feuerwehr,,,"Vornamen,"
45b,Zuverlässigkeitsüberprüfungen von Bewerberinnen und Bewerbern bei Polizei und Feuerwehr,,,"Geburtsdatum und -ort,"
45b,Zuverlässigkeitsüberprüfungen von Bewerberinnen und Bewerbern bei Polizei und Feuerwehr,,,"aktueller Wohnort,"
45b,Zuverlässigkeitsüberprüfungen von Bewerberinnen und Bewerbern bei Polizei und Feuerwehr,,,"Wohnorte in den letzten fünf Jahren mit Angabe des Zeitraums, der Straße, der Hausnummer, der Postleitzahl, eines etwa vorhandenen Zusatzes, des Landes und des Staates."
45b,Zuverlässigkeitsüberprüfungen von Bewerberinnen und Bewerbern bei Polizei und Feuerwehr,,,Diese Daten dürfen nur für diesen Zweck verarbeitet werden.
45b,Zuverlässigkeitsüberprüfungen von Bewerberinnen und Bewerbern bei Polizei und Feuerwehr,P45b-A3,3,"Die in Absatz 1 genannte Stelle übermittelt die in Absatz 2 Satz 1 Nummer 4 bis 7 genannten Daten an die zuständige Senatsverwaltung und ersucht diese, eine unbeschränkte Auskunft aus dem Bundeszentralregister zu der betroffenen Person einzuholen und ihr diese zum Zweck der Zuverlässigkeitsüberprüfung nach Maßgabe von § 43 des Bundeszentralregistergesetzes mitzuteilen."
45b,Zuverlässigkeitsüberprüfungen von Bewerberinnen und Bewerbern bei Polizei und Feuerwehr,P45b-A4,4,"Soweit dies für die Überprüfung der Zuverlässigkeit erforderlich ist, kann die in Absatz 1 genannte Stelle die nach Absatz 2 erlangten Daten abgleichen mit den Datenbeständen"
45b,Zuverlässigkeitsüberprüfungen von Bewerberinnen und Bewerbern bei Polizei und Feuerwehr,,,"der Polizeien des Bundes und der Länder,"
45b,Zuverlässigkeitsüberprüfungen von Bewerberinnen und Bewerbern bei Polizei und Feuerwehr,,,"der Justizbehörden und ordentlichen Gerichte,"
45b,Zuverlässigkeitsüberprüfungen von Bewerberinnen und Bewerbern bei Polizei und Feuerwehr,,,"des Bundesamtes für Migration und Flüchtlinge, sofern die zu überprüfende Person die ausländische Staatsangehörigkeit besitzt,"
45b,Zuverlässigkeitsüberprüfungen von Bewerberinnen und Bewerbern bei Polizei und Feuerwehr,,,"der zuständigen Polizeien im Ausland, sofern die zu überprüfende Person ihren Wohnsitz im Ausland hat und der Abgleich im Einzelfall erforderlich ist, sowie"
45b,Zuverlässigkeitsüberprüfungen von Bewerberinnen und Bewerbern bei Polizei und Feuerwehr,,,"der Nachrichtendienste des Bundes und der Länder, wenn im Einzelfall tatsächliche Anhaltspunkte die Annahme rechtfertigen, dass dort Erkenntnisse zu der betroffenen Person vorliegen könnten."
45b,Zuverlässigkeitsüberprüfungen von Bewerberinnen und Bewerbern bei Polizei und Feuerwehr,,,"Soweit die in Absatz 1 genannte Stelle die Erkenntnisse nicht selbst unmittelbar automatisiert erlangt, übermittelt sie die in Absatz 2 Satz 1 genannten Daten an die in Satz 1 genannten Stellen und ersucht diese um Übermittlung etwaig vorliegender Erkenntnisse. § 45a Absatz 6 Satz 3 gilt entsprechend."
45b,Zuverlässigkeitsüberprüfungen von Bewerberinnen und Bewerbern bei Polizei und Feuerwehr,P45b-A5,5,Auf der Grundlage der erlangten Erkenntnisse entscheidet die in Absatz 1 genannte Stelle in jeweils eigener Zuständigkeit über die Zuverlässigkeit der Bewerberinnen und Bewerber in einer Gesamtwürdigung der Umstände des Einzelfalles. § 45a Absatz 8 gilt entsprechend.
45b,Zuverlässigkeitsüberprüfungen von Bewerberinnen und Bewerbern bei Polizei und Feuerwehr,P45b-A6,6,"Zuverlässigkeitsüberprüfungen nach Absatz 1 bedürfen der schriftlichen oder elektronischen Einwilligung der betroffenen Person. Diese ist von der in Absatz 1 genannten Stelle über den Anlass, den Ablauf und den Inhalt der Verarbeitung ihrer personenbezogenen Daten rechtzeitig und umfassend nach Maßgabe von Artikel 13 der Verordnung (EU) 2016/679 zu informieren."
45b,Zuverlässigkeitsüberprüfungen von Bewerberinnen und Bewerbern bei Polizei und Feuerwehr,P45b-A7,7,"Nach Abschluss der Überprüfung speichert die in Absatz 1 genannte Stelle die hierzu bei ihr jeweils vorhandenen Daten, insbesondere die zu den betroffenen Personen übermittelten Erkenntnisse, sowie das Ergebnis der Überprüfung zu Dokumentationszwecken bis zum Ende des Jahres, das dem Jahr des Abschlusses des Auswahlverfahrens folgt. Eine darüber hinausgehende Speicherung ist nur zulässig, soweit und solange dies auf Grund eines bereits anhängigen oder zu erwartenden Rechtsstreits erforderlich ist. Die dienstrechtlichen Bestimmungen zur Aufbewahrung von Auskünften, die nach dem Bundeszentralregistergesetz erteilt wurden, bleiben unberührt."
45c,Fallkonferenzen,P45c-A1,1,"Die Ordnungsbehörden und die Polizei können personenbezogene Daten im Rahmen von einzelfallbezogenen Fallkonferenzen erheben und personenbezogene Daten, die sie rechtmäßig erhoben oder erlangt haben, übermitteln, wenn der Austausch dieser Daten zugleich zwischen mehreren Behörden oder sonstigen öffentlichen Stellen des Landes Berlin, anderer Länder oder des Bundes für die gemeinsame Erarbeitung, Abstimmung oder Durchführung einzelfallbezogener Maßnahmen zur Erfüllung ordnungsbehördlicher oder polizeilicher Aufgaben zwingend erforderlich ist. Dies gilt auch für besondere Kategorien personenbezogener Daten. Andere Rechtsvorschriften über die Datenerhebung und Datenübermittlung bleiben unberührt."
45c,Fallkonferenzen,P45c-A2,2,"Soweit andere Rechtsvorschriften nicht entgegenstehen, können die Ordnungsbehörden und die Polizei personenbezogene Daten einschließlich besonderer Kategorien personenbezogener Daten unter den Voraussetzungen des Absatzes 1 auch an nicht-öffentliche Stellen übermitteln und von diesen erheben, wenn deren Teilnahme an einer einzelfallbezogenen Fallkonferenz zwingend erforderlich ist, um deren Zwecke zu erreichen."
45c,Fallkonferenzen,P45c-A3,3,"Die Gründe für die zwingende Erforderlichkeit der einzelfallbezogenen Fallkonferenz, deren wesentliche Ergebnisse und die teilnehmenden Stellen sind zu dokumentieren."
46,"Gemeinsames Verfahren, automatisiertes Verfahren auf Abruf und regelmäßige automatisierte Datenübermittlungen; Verordnungsermächtigung",P46-A1,1,"Für die Einrichtung eines automatisierten Verfahrens, das mehreren öffentlichen Stellen die Verarbeitung personenbezogener Daten in oder aus einem gemeinsamen Datenbestand (gemeinsames Verfahren) oder die Übermittlung an Dritte auf Abruf (automatisiertes Verfahren auf Abruf) ermöglicht, sowie für die Zulassung regelmäßiger automatisierter Datenübermittlungen durch die Ordnungsbehörden und die Polizei gelten die §§ 21 und 40 des Berliner Datenschutzgesetzes nach Maßgabe der folgenden Absätze. Die Vorschriften über die Zulässigkeit der Datenverarbeitung in und aus den in Satz 1 genannten Verfahren bleiben unberührt."
46,"Gemeinsames Verfahren, automatisiertes Verfahren auf Abruf und regelmäßige automatisierte Datenübermittlungen; Verordnungsermächtigung",P46-A2,2,"Nicht-öffentliche Stellen können sich nach Maßgabe dieser Vorschrift an Verfahren nach Absatz 1 beteiligen, soweit dies unter Berücksichtigung der Rechte und Freiheiten der betroffenen Personen und der Aufgaben der beteiligten Stellen angemessen ist und durch technische und organisatorische Maßnahmen Risiken für diese Rechte und Freiheiten vermieden werden können. Die nicht-öffentlichen Stellen haben sich insoweit den Vorschriften des Berliner Datenschutzgesetzes zu unterwerfen."
46,"Gemeinsames Verfahren, automatisiertes Verfahren auf Abruf und regelmäßige automatisierte Datenübermittlungen; Verordnungsermächtigung",P46-A3,3,"Bei automatisierten Verfahren auf Abruf hat die speichernde Stelle zu gewährleisten, dass die Übermittlung zumindest durch geeignete Stichprobenverfahren festgestellt und überprüft werden kann."
46,"Gemeinsames Verfahren, automatisiertes Verfahren auf Abruf und regelmäßige automatisierte Datenübermittlungen; Verordnungsermächtigung",P46-A4,4,"Die Einrichtung eines automatisierten Verfahrens, das den Abruf personenbezogener Daten aus einem von der Polizei geführten Dateisystem ermöglicht, ist nur auf der Grundlage einer Rechtsverordnung nach Absatz 6 zulässig. Der Abruf darf nur anderen Polizeibehörden gestattet werden."
46,"Gemeinsames Verfahren, automatisiertes Verfahren auf Abruf und regelmäßige automatisierte Datenübermittlungen; Verordnungsermächtigung",P46-A5,5,"Die Einrichtung eines automatisierten Verfahrens, das den Abruf personenbezogener Daten aus einem von einer Ordnungsbehörde geführten Dateisystem ermöglicht und das ein hohes Risiko für die Rechte und Freiheiten der betroffenen Personen im Sinne von § 21 Absatz 1 Satz 3 des Berliner Datenschutzgesetzes beinhalten kann, ist nur auf der Grundlage einer Rechtsverordnung nach Absatz 6 zulässig. Der Abruf darf nur öffentlichen Stellen gestattet werden."
46,"Gemeinsames Verfahren, automatisiertes Verfahren auf Abruf und regelmäßige automatisierte Datenübermittlungen; Verordnungsermächtigung",P46-A6,6,"Der Senat bestimmt durch Rechtsverordnung die Einzelheiten der Einrichtung von Verfahren nach den Absätzen 4 und 5. Die Rechtsverordnung hat den Datenempfänger, die Art der Daten und den Zweck des Abrufs festzulegen. Sie hat die nach § 26 oder § 57 des Berliner Datenschutzgesetzes erforderlichen technischen und organisatorischen Maßnahmen sowie Maßnahmen zur Datensicherung und zur Kontrolle vorzusehen; diese müssen in einem angemessenen Verhältnis zu dem angestrebten Schutzzweck stehen."
46,"Gemeinsames Verfahren, automatisiertes Verfahren auf Abruf und regelmäßige automatisierte Datenübermittlungen; Verordnungsermächtigung",P46-A7,7,"Die Polizei kann mit den Polizeien des Bundes und der Länder einen Datenverbund vereinbaren, der eine automatisierte Datenübermittlung ermöglicht. Solche Vereinbarungen bedürfen der Zustimmung der für Inneres zuständigen Senatsverwaltung."
46,"Gemeinsames Verfahren, automatisiertes Verfahren auf Abruf und regelmäßige automatisierte Datenübermittlungen; Verordnungsermächtigung",P46-A8,8,"Beinhaltet ein gemeinsames Verfahren ein hohes Risiko für die Rechte und Freiheiten der betroffenen Personen im Sinne von § 21 Absatz 1 Satz 3 des Berliner Datenschutzgesetzes, ist § 21 Absatz 1 Satz 1 des Berliner Datenschutzgesetzes einzuhalten. Gleiches gilt für die Zulassung regelmäßiger automatisierter Datenübermittlungen aus einem von den Ordnungsbehörden oder der Polizei geführten Dateisystem, die ein solches Risiko beinhalten."
46,"Gemeinsames Verfahren, automatisiertes Verfahren auf Abruf und regelmäßige automatisierte Datenübermittlungen; Verordnungsermächtigung",P46-A9,9,Für die Einrichtung gemeinsamer Verfahren und automatisierter Abrufverfahren zu verschiedenen Zwecken innerhalb einer öffentlichen Stelle gelten die Absätze 3 bis 6 und 8 entsprechend.
46a,Aufnahme und Aufzeichnung von Anrufen und Notrufen; Verordnungsermächtigung,P46a-A1,1,"Die Ordnungsbehörden und die Polizei können Anrufe über Notrufeinrichtungen sowie den Funkverkehr ihrer Leitstellen auf Speichermedien aufzeichnen. Der zentrale Dauerdienst der Polizei hat in dieser Funktion alle eingehenden und ausgehenden Telefon- und Funkgespräche aufzuzeichnen. Eine Aufzeichnung von Anrufen im Übrigen ist nur zulässig, soweit sie im Einzelfall zur Erfüllung der jeweiligen Aufgaben erforderlich ist. Auf die Aufzeichnung der Anrufe nach Satz 3 soll hingewiesen werden, soweit dadurch die Aufgabenerfüllung nicht gefährdet wird. Die Leit- und Befehlsstellen der Polizei haben in dieser Funktion sämtliche Telefon- und Funkgespräche aufzuzeichnen, wenn eine herausragende Einsatzlage auf Grund ihrer Art und ihres Umfangs diese Art der Dokumentation erforderlich macht; die Entscheidung hierüber trifft die Einsatzleitung."
46a,Aufnahme und Aufzeichnung von Anrufen und Notrufen; Verordnungsermächtigung,P46a-A2,2,"Wird über eine ihrer stationären Notrufeinrichtungen eine Notrufverbindung aufgebaut, kann die Polizei für deren Dauer personenbezogene Daten durch Anfertigung von Bild- und Tonaufnahmen des unmittelbaren räumlichen Umfelds dieser Notrufeinrichtung erheben, übertragen und aufzeichnen. Dies gilt auch für personenbezogene Daten Dritter, soweit die Erhebung den Umständen nach unvermeidbar ist. Die Datenerhebung darf auch automatisiert erfolgen. Auf die Möglichkeit der Datenerhebung ist auf der Notrufeinrichtung hinzuweisen; verdeckte Bild- und Tonaufnahmen sind unzulässig."
46a,Aufnahme und Aufzeichnung von Anrufen und Notrufen; Verordnungsermächtigung,P46a-A3,3,"Die Aufzeichnungen sind spätestens nach drei Monaten zu löschen, es sei denn,"
46a,Aufnahme und Aufzeichnung von Anrufen und Notrufen; Verordnungsermächtigung,,,sie werden zur Verfolgung von Straftaten oder zur Dokumentation behördlichen Handelns benötigt oder
46a,Aufnahme und Aufzeichnung von Anrufen und Notrufen; Verordnungsermächtigung,,,"Tatsachen rechtfertigen die Annahme, dass die Aufbewahrung zur vorbeugenden Bekämpfung von Straftaten von erheblicher Bedeutung erforderlich ist."
46a,Aufnahme und Aufzeichnung von Anrufen und Notrufen; Verordnungsermächtigung,,,"Die §§ 42c, 42d, 48 Absatz 6 sowie § 48a Absatz 6 bleiben unberührt, desgleichen § 44 Absatz 3 des Berliner Datenschutzgesetzes."
46a,Aufnahme und Aufzeichnung von Anrufen und Notrufen; Verordnungsermächtigung,P46a-A4,4,"Die Polizei kann die nach Anwahl der Notrufnummer 110 angefallenen Standortdaten eines mobilen Telekommunikationsendgerätes automatisiert erheben und speichern. Sie kann diese Daten weiterverarbeiten, wenn dies zur Abwehr einer Gefahr erforderlich ist. Absatz 3 gilt entsprechend. § 26d Absatz 3 bleibt unberührt."
46a,Aufnahme und Aufzeichnung von Anrufen und Notrufen; Verordnungsermächtigung,P46a-A5,5,"Um eine gleichwertige Notrufkommunikation von Menschen mit Behinderungen zu gewährleisten, kann die für Inneres zuständige Senatsverwaltung durch Rechtsverordnung Regelungen für die Annahme und Beantwortung von Notrufen über die Notrufnummer 110 treffen, insbesondere zur Form der Annahme und zur Zeit bis zur Annahme."
47,Besondere Formen des Datenabgleichs,P47-A1,1,Die Polizei kann von öffentlichen oder nicht-öffentlichen Stellen zur Abwehr einer durch Tatsachen belegten gegenwärtigen Gefahr für
47,Besondere Formen des Datenabgleichs,,,"den Bestand oder die Sicherheit des Bundes oder eines Landes,"
47,Besondere Formen des Datenabgleichs,,,"Leib, Leben, Freiheit oder sexuelle Selbstbestimmung einer Person, soweit diese durch Straftatbestände geschützt ist, bei denen die Tat mit Freiheitsstrafe nicht unter sechs Monaten bedroht ist, oder"
47,Besondere Formen des Datenabgleichs,,,"für Sachen von bedeutendem Wert, deren Erhaltung im öffentlichen Interesse geboten ist,"
47,Besondere Formen des Datenabgleichs,,,"die Übermittlung von zulässig speicherbaren personenbezogenen Daten bestimmter Personengruppen aus bestimmbaren Dateisystemen zum Zwecke des Abgleichs mit anderen Datenbeständen verlangen, soweit Tatsachen die Annahme rechtfertigen, dass dies zur Abwehr der Gefahr erforderlich ist. Die ersuchte Stelle hat dem Verlangen zu entsprechen. Rechtsvorschriften über ein Berufs- oder besonderes Amtsgeheimnis bleiben unberührt."
47,Besondere Formen des Datenabgleichs,P47-A2,2,"Das Übermittlungsersuchen ist auf Namen, Anschriften, Tag und Ort der Geburt sowie auf im einzelnen Falle festzulegende Merkmale zu beschränken. Werden wegen technischer Schwierigkeiten, die mit angemessenem Zeit- oder Kostenaufwand nicht beseitigt werden können, weitere Daten übermittelt, dürfen diese nicht verwertet werden."
47,Besondere Formen des Datenabgleichs,P47-A3,3,"Die Maßnahme bedarf der gerichtlichen Anordnung, die von der Polizeipräsidentin oder dem Polizeipräsidenten oder der Vertretung im Amt zu beantragen ist. Wird eine Anordnung unanfechtbar aufgehoben, sind bereits erhobene Daten zu löschen. Andere Behörden sind von der Unzulässigkeit der Speicherung und Verwertung der Daten zu unterrichten. § 44 Absatz 3 und § 61 Absatz 3 Satz 1 des Berliner Datenschutzgesetzes gelten nicht."
47,Besondere Formen des Datenabgleichs,P47-A4,4,Die oder der Berliner Beauftragte für Datenschutz und Informationsfreiheit ist durch die Polizei fortlaufend über die Maßnahmen zu unterrichten. Die §§ 27b und 51b bleiben unberührt.
47a,Automatisierte Anwendung zur Analyse vorhandener Daten,P47a-A1,1,"Die Polizei kann rechtmäßig gespeicherte personenbezogene Daten ausschließlich zur Vorbereitung der automatisierten Datenanalyse nach Absatz 2 Satz 1 auf einer Analyseplattform automatisiert zusammenführen, verknüpfen und aufbereiten. Diese zusammengeführten Daten kann die Polizei, auch gemeinsam mit weiteren rechtmäßig erhobenen personenbezogenen Daten, nach Absatz 2 Satz 2 verknüpfen, aufbereiten und auswerten sowie für statistische Zwecke anwenden (automatisierte Datenanalyse),"
47a,Automatisierte Anwendung zur Analyse vorhandener Daten,,,"wenn die Maßnahme zur Abwehr einer Gefahr für den Bestand oder die Sicherheit des Bundes oder eines Landes, für Leib, Leben, Freiheit oder sexuelle Selbstbestimmung einer Person oder für Sachen von bedeutendem Wert, deren Erhaltung im öffentlichen Interesse geboten ist, erforderlich ist,"
47a,Automatisierte Anwendung zur Analyse vorhandener Daten,,,"wenn tatsächliche Anhaltspunkte die Annahme rechtfertigen, dass innerhalb eines übersehbaren Zeitraumes auf eine zumindest ihrer Art nach konkretisierte Weise"
47a,Automatisierte Anwendung zur Analyse vorhandener Daten,,,eine terroristische Straftat oder
47a,Automatisierte Anwendung zur Analyse vorhandener Daten,,,eine in § 100a Absatz 2 der Strafprozessordnung genannte und voraussichtlich auch im Einzelfall schwerwiegende Straftat
47a,Automatisierte Anwendung zur Analyse vorhandener Daten,,,"begangen werden soll und die Maßnahme zur Verhütung dieser Straftat erforderlich ist, oder"
47a,Automatisierte Anwendung zur Analyse vorhandener Daten,,,"wenn das individuelle Verhalten einer Person die konkrete Wahrscheinlichkeit begründet, dass sie innerhalb eines übersehbaren Zeitraums eine terroristische Straftat begehen oder an ihr teilnehmen wird, und die Maßnahme zur Verhütung dieser Straftat erforderlich ist."
47a,Automatisierte Anwendung zur Analyse vorhandener Daten,,,"In den Fällen des Satzes 2 ist die Maßnahme nur zulässig, wenn sie nicht außer Verhältnis zur Bedeutung des aufzuklärenden Sachverhalts steht. Die automatisierte Anwendung zur Auswertung vorhandener Daten erfolgt anhand von Suchbegriffen, die sich aus einem konkreten Sachverhalt, bezogen auf einen Anlass im Sinne des Satzes 2 ergeben. Unter den Voraussetzungen von Satz 2 Nummer 1 und 3 ist auch die Nutzung selbstlernender Systeme zulässig, im Übrigen jedoch nur, wenn tatsächliche Anhaltspunkte die Annahme rechtfertigen, dass innerhalb eines übersehbaren Zeitraumes auf eine zumindest ihrer Art nach konkretisierte Weise"
47a,Automatisierte Anwendung zur Analyse vorhandener Daten,,,eine terroristische Straftat oder
47a,Automatisierte Anwendung zur Analyse vorhandener Daten,,,eine in § 100b Absatz 2 der Strafprozessordnung genannte und voraussichtlich auch im Einzelfall besonders schwerwiegende Straftat
47a,Automatisierte Anwendung zur Analyse vorhandener Daten,,,"begangen werden soll und die Maßnahme zur Verhütung dieser Straftat erforderlich ist. Es ist durch geeignete Maßnahmen sicherzustellen, dass bei der automatisierten Datenanalyse diskriminierende Algorithmen weder herausgebildet noch verwendet werden. Es werden nur mit den Suchparametern übereinstimmende Daten angezeigt. Automatisierte Entscheidungsfindungen und Sachverhaltsbewertungen sind unzulässig. Alle Ergebnisse der automatisierten Datenanalyse müssen aus den in Absatz 2 Satz 1 bis 4 genannten Daten durch menschliche Gedankengänge nachvollziehbar sein. Sollen in der Folge der automatisierten Datenanalyse Maßnahmen gegen Personen getroffen werden, dürfen diesen Maßnahmen allein Daten in einer nicht nach dem hiesigen Absatz verarbeiteten Fassung zugrunde gelegt werden."
47a,Automatisierte Anwendung zur Analyse vorhandener Daten,P47a-A2,2,"Bei der automatisierten Datenanalyse können auf der Analyseplattform rechtmäßig gespeicherte Vorgangsdaten, Falldaten, Daten aus den polizeilichen Auskunftssystemen, Telekommunikationsdaten, Daten aus Asservaten, Daten aus dem polizeilichen Informationsaustausch, soweit sie der polizeilichen Aufgabenerfüllung dienen, und in den Fällen des Absatzes 1 Satz 2 Nummer 1 auch Nutzungs- und Verkehrsdaten weiterverarbeitet werden. Datensätze aus gezielten Abfragen in Datenverbünden der Polizei und gesondert geführten staatlichen Registern können, auch automatisiert, erhoben und in die Weiterverarbeitung einbezogen werden. Eine direkte Anbindung an Internetdienste mit Ausnahme geschlossener behördlicher Datennetze ist ausgeschlossen. Einzelne gesondert gespeicherte Datensätze aus Internetquellen können in die Weiterverarbeitung einbezogen werden. Nicht in die Datenanalyse einbezogen werden Vorgangsdaten von Unbeteiligten. § 42a Absatz 1 bis 4, § 42b und § 42c Absatz 1 gelten entsprechend; § 48 bleibt unberührt. In einem Konzept der Kategorisierung und Kennzeichnung personenbezogener Daten ist anhand der Maßstäbe des Veranlassungszusammenhangs und der Grundrechtsrelevanz vorzusehen, welche personenbezogenen Daten in welcher Weise in eine automatisierte Anwendung zur Datenanalyse einbezogen werden dürfen. Die Höchstspeicherdauer richtet sich nach den Speicherfristen der Ursprungsdaten. Für Verkehrsdaten in der Analyseplattform beträgt sie höchstens zwei Jahre, sofern die Daten nicht für die Fallbearbeitung weiter benötigt werden."
47a,Automatisierte Anwendung zur Analyse vorhandener Daten,P47a-A3,3,"Zugriff auf die automatisierte Datenanalyse dürfen nur ausgewählte und geschulte Polizeidienstkräfte haben. Werden selbstlernende Systeme eingesetzt, so darf die automatisierte Datenanalyse nur durch die Leitung des Landeskriminalamtes, deren Vertretung im Amt oder durch von dieser besonders beauftragte Beamtinnen oder Beamte des höheren Dienstes angeordnet werden. Durch organisatorische und technische Maßnahmen sind die Zugriffsmöglichkeiten der eingesetzten Polizeidienstkräfte auf das erforderliche Maß zu beschränken. In einem Rollen- und Rechtekonzept ist die zweckabhängige Verteilung der Zugriffsrechte zu bestimmen; diese müssen sachlich auf das erforderliche Maß eingeschränkt werden. Die Zugriffe sind zu begründen und zu protokollieren; dabei ist auch das Vorliegen der Voraussetzungen nach den Absätzen 1 und 2 zu dokumentieren. Personen, deren personenbezogene Daten nach Absatz 1 weiterverarbeitet wurden und gegen die anschließend weitere Maßnahmen nach diesem Gesetz getroffen wurden, sind nach Abschluss der Folgemaßnahmen gemäß § 42 des Berliner Datenschutzgesetzes über die Datenverarbeitung nach Absatz 1 zu benachrichtigen; § 27d Absatz 2, 3 und 5 gilt entsprechend. Die oder der behördliche Datenschutzbeauftragte führt spätestens alle zwei Jahre stichprobenartige Kontrollen durch."
47a,Automatisierte Anwendung zur Analyse vorhandener Daten,P47a-A4,4,"Die Polizei kann von ihr rechtmäßig gespeicherte personenbezogene Daten nach Absatz 2 Satz 1 und 2 weiterverarbeiten, wenn dies erforderlich ist, um die automatisierte Datenanalyse zu testen. Personenbezogene Daten sind für die Verwendung zu Testzwecken zu anonymisieren. Kann der Zweck des Tests mit anonymisierten Daten nicht erreicht werden oder ist die Anonymisierung nur mit unverhältnismäßigem Aufwand möglich, sind die Daten zu pseudonymisieren. Kann der Zweck des Tests auch mit pseudonymisierten Daten nicht erreicht werden oder ist auch die Pseudonymisierung nur mit unverhältnismäßigem Aufwand möglich, dürfen personenbezogene Daten verwendet werden. Besondere Kategorien personenbezogener Daten dürfen nur unter Beachtung des § 51a Absatz 2 verwendet werden. Die Weiterverarbeitung von personenbezogenen Daten, die durch einen verdeckten Einsatz technischer Mittel in oder aus Wohnungen oder durch einen verdeckten Eingriff in informationstechnische Systeme erlangt wurden, ist unzulässig."
47a,Automatisierte Anwendung zur Analyse vorhandener Daten,P47a-A5,5,Die Einrichtung und jede wesentliche Änderung der automatisierten Datenanalyse erfolgen durch Anordnung der Polizeipräsidentin oder des Polizeipräsidenten oder der Vertretung im Amt; diese Befugnis kann auf die Leitung des Landeskriminalamtes oder ihre Vertretung im Amt übertragen werden. Die oder der Berliner Beauftragte für Datenschutz und Informationsfreiheit ist vor der Einrichtung oder wesentlichen Änderungen nach Satz 1 anzuhören; bei Gefahr im Verzug ist die Anhörung unverzüglich nachzuholen. Im Übrigen bleiben die Aufgaben und Befugnisse der oder des Berliner Beauftragten für Datenschutz und Informationsfreiheit unberührt.
47a,Automatisierte Anwendung zur Analyse vorhandener Daten,P47a-A6,6,Das Nähere zu den Absätzen 2 bis 4 bestimmen zu veröffentlichende Verwaltungsvorschriften. Die oder der Berliner Beauftragte für Datenschutz und Informationsfreiheit ist vor dem Erlass oder einer Änderung der Verwaltungsvorschriften anzuhören.
47a,Automatisierte Anwendung zur Analyse vorhandener Daten,P47a-A7,7,"Der Senat unterrichtet das Abgeordnetenhaus jährlich über die nach Absatz 1 getroffenen Maßnahmen. In dem Bericht ist insbesondere darzustellen, in welchem Umfang von den Maßnahmen aus Anlass welcher Gefahrenlagen Gebrauch gemacht wurde. Die parlamentarische Kontrolle auf der Grundlage dieses Berichts wird von einem Kontrollgremium ausgeübt. Die Vorschriften des Fünften Abschnitts des Verfassungsschutzgesetzes Berlin gelten entsprechend."
48,"Berichtigung, Löschung und Einschränkung der Verarbeitung personenbezogener Daten, die zu den in § 30 des Berliner Datenschutzgesetzes genannten Zwecken verarbeitet werden; Verordnungsermächtigung",P48-A1,1,"Für die Berichtigung, Löschung und Einschränkung der Verarbeitung personenbezogener Daten, die zu Zwecken des § 30 des Berliner Datenschutzgesetzes verarbeitet werden, und der zugehörigen Unterlagen gelten ergänzend zu den §§ 44 und 61 des Berliner Datenschutzgesetzes die folgenden Absätze."
48,"Berichtigung, Löschung und Einschränkung der Verarbeitung personenbezogener Daten, die zu den in § 30 des Berliner Datenschutzgesetzes genannten Zwecken verarbeitet werden; Verordnungsermächtigung",P48-A2,2,"Sind personenbezogene Daten in nicht-automatisiert geführten Dateisystemen zu berichtigen oder in ihrer Verarbeitung einzuschränken, ist ein entsprechender Vermerk anzubringen."
48,"Berichtigung, Löschung und Einschränkung der Verarbeitung personenbezogener Daten, die zu den in § 30 des Berliner Datenschutzgesetzes genannten Zwecken verarbeitet werden; Verordnungsermächtigung",P48-A3,3,"Sind personenbezogene Daten zu löschen, weil ihre Speicherung von Anfang an unzulässig war, ist die betroffene Person vor der Löschung zu hören."
48,"Berichtigung, Löschung und Einschränkung der Verarbeitung personenbezogener Daten, die zu den in § 30 des Berliner Datenschutzgesetzes genannten Zwecken verarbeitet werden; Verordnungsermächtigung",P48-A4,4,"Sind personenbezogene Daten in nicht-automatisiert geführten Dateisystemen zu löschen, tritt an die Stelle der Löschung die Einschränkung ihrer Verarbeitung. Nicht-automatisiert geführte Dateisysteme, welche die speichernde Stelle insgesamt nicht mehr zur Erfüllung ihrer Aufgaben benötigt, sind zu vernichten."
48,"Berichtigung, Löschung und Einschränkung der Verarbeitung personenbezogener Daten, die zu den in § 30 des Berliner Datenschutzgesetzes genannten Zwecken verarbeitet werden; Verordnungsermächtigung",P48-A5,5,"Die Prüfung, ob personenbezogene Daten in Dateisystemen zu löschen sind, weil ihre Kenntnis für die speichernde Stelle zur Erfüllung ihrer Aufgaben nicht mehr erforderlich ist, erfolgt aus Anlass einer Einzelfallprüfung oder nach Ablauf hierfür bestimmter Fristen. Die jeweils zuständige Senatsverwaltung wird ermächtigt, diese Prüffristen durch Rechtsverordnung zu regeln. Bei in Dateisystemen suchfähig gespeicherten personenbezogenen Daten dürfen die Fristen regelmäßig"
48,"Berichtigung, Löschung und Einschränkung der Verarbeitung personenbezogener Daten, die zu den in § 30 des Berliner Datenschutzgesetzes genannten Zwecken verarbeitet werden; Verordnungsermächtigung",,,"bei Erwachsenen zehn Jahre,"
48,"Berichtigung, Löschung und Einschränkung der Verarbeitung personenbezogener Daten, die zu den in § 30 des Berliner Datenschutzgesetzes genannten Zwecken verarbeitet werden; Verordnungsermächtigung",,,bei Jugendlichen fünf Jahre und
48,"Berichtigung, Löschung und Einschränkung der Verarbeitung personenbezogener Daten, die zu den in § 30 des Berliner Datenschutzgesetzes genannten Zwecken verarbeitet werden; Verordnungsermächtigung",,,bei Kindern zwei Jahre
48,"Berichtigung, Löschung und Einschränkung der Verarbeitung personenbezogener Daten, die zu den in § 30 des Berliner Datenschutzgesetzes genannten Zwecken verarbeitet werden; Verordnungsermächtigung",,,"nicht überschreiten, wobei nach Art und Zweck der Speicherung, nach Art und Bedeutung des Anlasses sowie nach der Kategorie der Person, zu der die Daten gespeichert sind, zu unterscheiden ist. Die Frist beginnt regelmäßig mit dem letzten Anlass der Speicherung, jedoch nicht vor Entlassung der betroffenen Person aus einer Justizvollzugsanstalt oder Beendigung einer mit Freiheitsentziehung verbundenen Maßregel der Besserung oder Sicherung. Personenbezogene Daten über die in § 42 Absatz 4 Satz 1 Nummer 3 genannten Personen in automatisiert geführten Dateisystemen können ohne deren Einwilligung nur für die Dauer eines Jahres gespeichert werden. Die Speicherung für jeweils ein weiteres Jahr ist zulässig, soweit die Voraussetzungen für die Weiterverarbeitung weiterhin vorliegen. Die Speicherung nach den Sätzen 5 und 6 darf jedoch insgesamt drei Jahre nicht überschreiten. § 42 Absatz 1 Satz 1 Nummer 2 bleibt unberührt."
48,"Berichtigung, Löschung und Einschränkung der Verarbeitung personenbezogener Daten, die zu den in § 30 des Berliner Datenschutzgesetzes genannten Zwecken verarbeitet werden; Verordnungsermächtigung",P48-A6,6,Die Regelungen des Archivgesetzes über die Aussonderung und Anbietung von Unterlagen sowie den Umgang mit Archivgut bleiben unberührt.
48,"Berichtigung, Löschung und Einschränkung der Verarbeitung personenbezogener Daten, die zu den in § 30 des Berliner Datenschutzgesetzes genannten Zwecken verarbeitet werden; Verordnungsermächtigung",P48-A7,7,"Die Mitteilungspflichten des Verantwortlichen nach § 44 Absatz 5 Satz 2 und § 61 Absatz 3 Satz 2 des Berliner Datenschutzgesetzes entfallen, wenn deren Erfüllung sich als unmöglich erweist oder mit einem unverhältnismäßigen Aufwand verbunden ist."
48a,"Berichtigung, Löschung und Einschränkung der Verarbeitung personenbezogener Daten, die zu Zwecken außerhalb des § 30 des Berliner Datenschutzgesetzes verarbeitet werden",P48a-A1,1,"Für die Berichtigung, Löschung und Einschränkung der Verarbeitung personenbezogener Daten, die zu Zwecken außerhalb des § 30 des Berliner Datenschutzgesetzes verarbeitet werden, sowie der zugehörigen Unterlagen gelten ergänzend zu den Artikeln 16 bis 19 der Verordnung (EU) 2016/679 und zu § 25 des Berliner Datenschutzgesetzes die folgenden Absätze."
48a,"Berichtigung, Löschung und Einschränkung der Verarbeitung personenbezogener Daten, die zu Zwecken außerhalb des § 30 des Berliner Datenschutzgesetzes verarbeitet werden",P48a-A2,2,"Bezogen auf die Artikel 16 und 18 Absatz 1 Buchstabe a der Verordnung (EU) 2016/679 betrifft die Frage der Richtigkeit insbesondere im Falle von Aussagen oder Bewertungen nicht deren Inhalt. Wenn die Richtigkeit oder Unrichtigkeit personenbezogener Daten nicht festgestellt werden kann, tritt an die Stelle der Berichtigung nach Artikel 16 der Verordnung (EU) 2016/679 die Einschränkung der Verarbeitung nach Artikel 18. Die oder der Verantwortliche hat die betroffene Person, die ihr Recht auf Berichtigung geltend gemacht hat, über die an die Stelle der Berichtigung tretende Einschränkung der Verarbeitung schriftlich zu unterrichten; dies gilt nicht, soweit bereits die Unterrichtung eine Gefährdung im Sinne von § 23 Absatz 1 des Berliner Datenschutzgesetzes mit sich bringen würde. Die Unterrichtung ist zu begründen; § 24 Absatz 3 des Berliner Datenschutzgesetzes gilt entsprechend."
48a,"Berichtigung, Löschung und Einschränkung der Verarbeitung personenbezogener Daten, die zu Zwecken außerhalb des § 30 des Berliner Datenschutzgesetzes verarbeitet werden",P48a-A3,3,"Sind personenbezogene Daten in nicht-automatisiert geführten Dateisystemen nach Artikel 16 der Verordnung (EU) 2016/679 zu berichtigen oder nach Artikel 18 in ihrer Verarbeitung einzuschränken, ist ein entsprechender Vermerk anzubringen."
48a,"Berichtigung, Löschung und Einschränkung der Verarbeitung personenbezogener Daten, die zu Zwecken außerhalb des § 30 des Berliner Datenschutzgesetzes verarbeitet werden",P48a-A4,4,Ergänzend zu den Artikeln 16 und 19 der Verordnung (EU) 2016/679 gelten hinsichtlich der Berichtigungs- und Mitteilungspflichten bezogen auf übermittelte personenbezogene Daten § 44 Absatz 5 und § 61 Absatz 3 Satz 2 des Berliner Datenschutzgesetzes entsprechend.
48a,"Berichtigung, Löschung und Einschränkung der Verarbeitung personenbezogener Daten, die zu Zwecken außerhalb des § 30 des Berliner Datenschutzgesetzes verarbeitet werden",P48a-A5,5,Ergänzend zu den Artikeln 17 und 18 der Verordnung (EU) 2016/679 gilt für die Löschung personenbezogener Daten § 48 Absatz 3 und 4 entsprechend.
48a,"Berichtigung, Löschung und Einschränkung der Verarbeitung personenbezogener Daten, die zu Zwecken außerhalb des § 30 des Berliner Datenschutzgesetzes verarbeitet werden",P48a-A6,6,"Die Prüfung, ob personenbezogene Daten in Dateisystemen zu löschen sind, weil ihre Kenntnis für die speichernde Stelle zur Erfüllung ihrer Aufgaben nicht mehr erforderlich ist, erfolgt aus Anlass einer Einzelfallprüfung oder nach Ablauf hierfür bestimmter Fristen. Die jeweils zuständige Senatsverwaltung wird ermächtigt, diese Prüffristen durch Rechtsverordnung zu regeln. § 48 Absatz 5 gilt entsprechend."
48a,"Berichtigung, Löschung und Einschränkung der Verarbeitung personenbezogener Daten, die zu Zwecken außerhalb des § 30 des Berliner Datenschutzgesetzes verarbeitet werden",P48a-A7,7,"Anstelle der Löschung nach Artikel 17 Absatz 1 der Verordnung (EU) 2016/679 kann die Verarbeitung personenbezogener Daten eingeschränkt werden, wenn"
48a,"Berichtigung, Löschung und Einschränkung der Verarbeitung personenbezogener Daten, die zu Zwecken außerhalb des § 30 des Berliner Datenschutzgesetzes verarbeitet werden",,,"Grund zu der Annahme besteht, dass eine Löschung schutzwürdige Interessen einer betroffenen Person beeinträchtigen würde,"
48a,"Berichtigung, Löschung und Einschränkung der Verarbeitung personenbezogener Daten, die zu Zwecken außerhalb des § 30 des Berliner Datenschutzgesetzes verarbeitet werden",,,die Daten zu Beweiszwecken weiter aufbewahrt werden müssen oder
48a,"Berichtigung, Löschung und Einschränkung der Verarbeitung personenbezogener Daten, die zu Zwecken außerhalb des § 30 des Berliner Datenschutzgesetzes verarbeitet werden",,,eine Löschung wegen der besonderen Art der Speicherung nicht oder nur mit unverhältnismäßig hohem Aufwand möglich ist.
48a,"Berichtigung, Löschung und Einschränkung der Verarbeitung personenbezogener Daten, die zu Zwecken außerhalb des § 30 des Berliner Datenschutzgesetzes verarbeitet werden",,,"In ihrer Verarbeitung eingeschränkte Daten dürfen nur zu dem Zweck, der ihrer Löschung entgegenstand, oder sonst mit Einwilligung der betroffenen Person verwendet werden. Die betroffenen Personen sind über die nach den Sätzen 1 und 2 vorgenommene Einschränkung der Verarbeitung entsprechend Absatz 2 Satz 3 bis 6 zu unterrichten. Bei personenbezogenen Daten in automatisierten Dateisystemen sind die in § 44 Absatz 4 des Berliner Datenschutzgesetzes vorgesehenen technischen Maßnahmen zu treffen."
49,Errichtungsanordnung,P49-A1,1,Für jedes bei der Polizei nach diesem Gesetz geführte automatisierte Dateisystem über personenbezogene Daten ist jeweils eine Errichtungsanordnung zu erlassen. Diese hat folgende Festlegungen zu enthalten:
49,Errichtungsanordnung,,,"Bezeichnung des Dateisystems,"
49,Errichtungsanordnung,,,"Angaben nach § 56 Absatz 1 Nummer 1 bis 11 des Berliner Datenschutzgesetzes,"
49,Errichtungsanordnung,,,"Prüffristen nach § 48 Absatz 5 Satz 1,"
49,Errichtungsanordnung,,,Art der Datenverarbeitung sowie
49,Errichtungsanordnung,,,"Angaben über die Verfahren zur Übermittlung, zur Prüfung der Fristen und zur Auskunftserteilung."
49,Errichtungsanordnung,,,"Dies gilt nicht für Dateisysteme, die nur vorübergehend vorgehalten und innerhalb von drei Monaten nach ihrer Erstellung gelöscht werden."
49,Errichtungsanordnung,P49-A2,2,Die Errichtungsanordnung tritt an die Stelle des Verfahrensverzeichnisses nach Artikel 30 der Verordnung (EU) 2016/679 und § 56 Absatz 1 des Berliner Datenschutzgesetzes.
49,Errichtungsanordnung,P49-A3,3,Die für Inneres zuständige Senatsverwaltung regelt das Nähere durch Ausführungsvorschriften. Die Polizei übersendet die Errichtungsanordnung der oder dem Berliner Beauftragten für Datenschutz und Informationsfreiheit sowie der für Inneres zuständigen Senatsverwaltung zur Kenntnis.
49,Errichtungsanordnung,P49-A4,4,Die Speicherung personenbezogener Daten in automatisiert geführten Dateisystemen ist auf das erforderliche Maß zu beschränken. Die Notwendigkeit der Weiterführung oder Änderung der Dateisysteme ist in angemessenen Abständen zu überprüfen.
50,Information und Auskunft über die Verarbeitung personenbezogener Daten,P50-A1,1,"Für die Information und Auskunft betroffener Personen zu personenbezogenen Daten, die zu Zwecken des § 30 des Berliner Datenschutzgesetzes verarbeitet werden, gelten ergänzend zu den §§ 41 und 43 des Berliner Datenschutzgesetzes die Absätze 2 bis 4. Werden personenbezogene Daten zu Zwecken außerhalb des § 30 des Berliner Datenschutzgesetzes verarbeitet, gelten ergänzend zu den Artikeln 13 bis 15 der Verordnung (EU) 2016/679 die Absätze 2, 4 und 5 sowie § 15 Absatz 3, § 23 und § 24 des Berliner Datenschutzgesetzes."
50,Information und Auskunft über die Verarbeitung personenbezogener Daten,P50-A2,2,"In dem Antrag auf Auskunft soll die Art der Daten, über die Auskunft erteilt werden soll, näher bezeichnet werden."
50,Information und Auskunft über die Verarbeitung personenbezogener Daten,P50-A3,3,"Bei personenbezogenen Daten in nicht-automatisiert geführten Dateisystemen, die zu Zwecken des § 30 des Berliner Datenschutzgesetzes verarbeitet werden, können die Ordnungsbehörden und die Polizei, statt eine Auskunft zu erteilen, der betroffenen Person Einsicht in das betreffende System gewähren. § 43 Absatz 4 des Berliner Datenschutzgesetzes bleibt unberührt."
50,Information und Auskunft über die Verarbeitung personenbezogener Daten,P50-A4,4,"Sind die personenbezogenen Daten in ein anhängiges Strafverfahren eingeführt, so ist vor Erteilung der Auskunft an die betroffene Person die Zustimmung der Staatsanwaltschaft herbeizuführen."
50,Information und Auskunft über die Verarbeitung personenbezogener Daten,P50-A5,5,"Werden personenbezogene Daten von Kindern gespeichert, nachdem sie ohne Kenntnis der Sorgeberechtigten erhoben worden sind, sind die Sorgeberechtigten hierüber in Kenntnis zu setzen, sobald die Aufgabenerfüllung dadurch nicht mehr erheblich gefährdet wird. Dies gilt nicht, solange zu besorgen ist, dass die Unterrichtung zu erheblichen Nachteilen für das Kind führt. Werden die Daten zu Zwecken des § 30 des Berliner Datenschutzgesetzes gespeichert, gilt § 42 Absatz 1 des Berliner Datenschutzgesetzes entsprechend. Bei Datenspeicherungen zu Zwecken außerhalb des § 30 des Berliner Datenschutzgesetzes gelten Artikel 14 der Verordnung (EU) 2016/679 und § 23 des Berliner Datenschutzgesetzes entsprechend."
51,Anwendung des Berliner Datenschutzgesetzes und der Verordnung (EU) 2016/679,P51-A1,1,"Verarbeiten die Ordnungsbehörden und die Polizei personenbezogene Daten zu Zwecken des § 30 des Berliner Datenschutzgesetzes, gelten, soweit dieses Gesetz keine oder keine abschließende Regelung trifft, die Teile 1 und 3 des Berliner Datenschutzgesetzes."
51,Anwendung des Berliner Datenschutzgesetzes und der Verordnung (EU) 2016/679,P51-A2,2,"Verarbeiten die Ordnungsbehörden und die Polizei personenbezogene Daten zu Zwecken außerhalb des § 30 des Berliner Datenschutzgesetzes, gelten, soweit dieses Gesetz keine oder keine abschließende Regelung trifft, die Verordnung (EU) 2016/679 sowie die Teile 1 und 2 des Berliner Datenschutzgesetzes."
51a,Verarbeitung besonderer Kategorien personenbezogener Daten,P51a-A1,1,"Besondere Kategorien personenbezogener Daten im Sinne von Artikel 9 Absatz 1 der Verordnung (EU) 2016/679 und § 31 Nummer 14 des Berliner Datenschutzgesetzes dürfen sowohl zu Zwecken des § 30 des Berliner Datenschutzgesetzes als auch zu Zwecken außerhalb des § 30 des Berliner Datenschutzgesetzes nach den Vorschriften dieses Gesetzes verarbeitet werden, wenn dies"
51a,Verarbeitung besonderer Kategorien personenbezogener Daten,,,dort unmittelbar zugelassen ist oder
51a,Verarbeitung besonderer Kategorien personenbezogener Daten,,,zur Erfüllung des Zwecks der jeweiligen Vorschrift unbedingt erforderlich ist.
51a,Verarbeitung besonderer Kategorien personenbezogener Daten,,,"Die Verarbeitung besonderer Kategorien personenbezogener Daten zu Zwecken des § 30 des Berliner Datenschutzgesetzes ist ferner zulässig, wenn die betroffene Person gemäß § 36 Absatz 5 des Berliner Datenschutzgesetzes eingewilligt hat. § 14 Absatz 2, § 15 Absatz 5, § 17, § 33 Absatz 1 und § 35 des Berliner Datenschutzgesetzes finden keine Anwendung."
51a,Verarbeitung besonderer Kategorien personenbezogener Daten,P51a-A2,2,"Werden besondere Kategorien personenbezogener Daten verarbeitet, sollen diese besonders gekennzeichnet und der Zugriff darauf besonders ausgestaltet werden, soweit dies zum Schutz der betroffenen Personen erforderlich und technisch mit verhältnismäßigem Aufwand umsetzbar ist. Die an der Verarbeitung Beteiligten sind für die besondere Schutzwürdigkeit dieser Kategorien zu sensibilisieren. Darüber hinaus sind weitere Garantien im Sinne von § 14 Absatz 3 und § 33 Absatz 2 des Berliner Datenschutzgesetzes vorzusehen, die je nach Art der Verarbeitung geeignet sind, die betroffenen Personen zu schützen."
51b,Datenschutzkontrolle,P51b-A1,,Die oder der Berliner Beauftragte für Datenschutz und Informationsfreiheit führt unbeschadet der sonstigen Aufgaben und Kontrollen spätestens alle zwei Jahre zumindest stichprobenartig Kontrollen durch bezüglich
51b,Datenschutzkontrolle,,,der Verarbeitung personenbezogener Daten bei nach § 27c Absatz 1 und 2 sowie nach § 47a Absatz 3 Satz 5 zu protokollierenden Maßnahmen sowie
51b,Datenschutzkontrolle,,,der Übermittlung personenbezogener Daten nach § 44c und § 45 Absatz 8 durch die Polizei.
51b,Datenschutzkontrolle,,,Hierfür sind ihr oder ihm die diesbezüglichen Protokolle und Dokumentationen von Datenlöschungen und Vernichtungen von Unterlagen in auswertbarer Weise zur Verfügung zu stellen.
52,Vollzugshilfe,P52-A1,1,"Die Polizei leistet Behörden und sonstigen öffentlichen Stellen auf Ersuchen Vollzugshilfe, wenn unmittelbarer Zwang gegen Personen anzuwenden ist und die anderen Behörden oder Stellen nicht über die hierzu erforderlichen Dienstkräfte verfügen oder ihre Maßnahmen nicht auf andere Weise selbst durchsetzen können."
52,Vollzugshilfe,P52-A2,2,"Die Berliner Feuerwehr leistet nach Absatz 1 Vollzugshilfe, soweit diese im Zusammenhang mit den ihr obliegenden Aufgaben steht."
52,Vollzugshilfe,P52-A3,3,Die Polizei und die Berliner Feuerwehr sind nur für die Art und Weise der Durchführung verantwortlich. Im Übrigen gelten die Grundsätze der Amtshilfe entsprechend.
52,Vollzugshilfe,P52-A4,4,Die Verpflichtung zur Amtshilfe bleibt unberührt.
53,Verfahren,P53-A1,1,Vollzugshilfeersuchen sind schriftlich oder elektronisch zu stellen. Sie haben den Grund und die Rechtsgrundlage der Maßnahme anzugeben.
53,Verfahren,P53-A2,2,In Eilfällen kann das Ersuchen formlos gestellt werden. Es ist jedoch auf Verlangen unverzüglich schriftlich oder elektronisch zu bestätigen.
53,Verfahren,P53-A3,3,Die ersuchende Behörde ist von der Ausführung des Ersuchens zu verständigen.
54,Vollzugshilfe bei Freiheitsentziehung,P54-A1,1,"Hat das Vollzugshilfeersuchen eine Freiheitsentziehung zum Inhalt, so ist auch die gerichtliche Entscheidung über die Zulässigkeit der Freiheitsentziehung vorzulegen oder in dem Ersuchen zu bezeichnen."
54,Vollzugshilfe bei Freiheitsentziehung,P54-A2,2,"Ist eine vorherige gerichtliche Entscheidung nicht ergangen, so hat die Polizei die festgehaltene Person zu entlassen, wenn die ersuchende Behörde diese nicht übernimmt oder die gerichtliche Entscheidung nicht unverzüglich nachträglich beantragt."
54,Vollzugshilfe bei Freiheitsentziehung,P54-A3,3,Die §§ 32 und 33 gelten entsprechend.
55,Verordnungsermächtigung,P55-A1,,Der Senat kann Rechtsverordnungen zur Abwehr von Gefahren für die öffentliche Sicherheit oder Ordnung (§ 1 Abs. 1) erlassen.
56,Inhalt,P56-A1,1,"Verordnungen zur Gefahrenabwehr dürfen nicht lediglich den Zweck haben, die den zuständigen Behörden obliegende Aufsicht zu erleichtern. Von mehreren möglichen und geeigneten allgemeinen Geboten oder Verboten sind diejenigen zu wählen, die den Einzelnen oder die Allgemeinheit am wenigsten beeinträchtigen. Eine Verordnung zur Gefahrenabwehr darf nicht zu einem Nachteil führen, der zu dem angestrebten Erfolg erkennbar außer Verhältnis steht."
56,Inhalt,P56-A2,2,"Verordnungen zur Gefahrenabwehr müssen in ihrem Inhalt bestimmt sein. Hinweise auf Anordnungen außerhalb von Verordnungen zur Gefahrenabwehr sind unzulässig, soweit diese Anordnungen Gebote oder Verbote von unbeschränkter Dauer enthalten. In Verordnungen zur Gefahrenabwehr, die überwachungsbedürftige oder sonstige Anlagen betreffen, an die bestimmte technische Anforderungen zu stellen sind, kann hinsichtlich der technischen Vorschriften auf Bekanntmachungen besonderer sachverständiger Stellen unter Angabe der Fundstelle verwiesen werden."
57,Zuwiderhandlungen gegen Verordnungen,P57-A1,,"In Verordnungen zur Gefahrenabwehr können für den Fall einer vorsätzlichen oder fahrlässigen Zuwiderhandlung Geldbußen bis zu fünfzigtausend Euro und die Einziehung der Gegenstände, auf die sich die Ordnungswidrigkeit bezieht oder die zu ihrer Vorbereitung oder Begehung verwendet worden sind, angedroht werden, soweit die Verordnung für einen bestimmten Tatbestand auf diese Bußgeldvorschrift verweist."
58,Geltungsdauer,P58-A1,,"Verordnungen zur Gefahrenabwehr sollen eine Beschränkung ihrer Geltungsdauer enthalten. Die Geltungsdauer darf nicht über zehn Jahre hinaus erstreckt werden. Verordnungen zur Gefahrenabwehr, die keine Beschränkung der Geltungsdauer enthalten, treten zehn Jahre nach ihrem Inkrafttreten außer Kraft. Eine Verlängerung lediglich der Geltungsdauer ist unzulässig."
58a,Verordnungen zu Waffen- und Messerverbotszonen,P58a-A1,1,"Die in § 42 Absatz 5 des Waffengesetzes erteilte Ermächtigung, durch Rechtsverordnung das Führen von Waffen und Messern zu verbieten oder zu beschränken, wird auf die für Inneres zuständige Senatsverwaltung übertragen."
58a,Verordnungen zu Waffen- und Messerverbotszonen,P58a-A2,2,"Rechtsverordnungen nach Absatz 1 bedürfen der Zustimmung des Abgeordnetenhauses. Sie sind dem Abgeordnetenhaus unverzüglich zuzuleiten. Die Zustimmung gilt als erteilt, wenn das Abgeordnetenhaus nicht innerhalb von 21 Tagen nach Zustellung der Rechtsverordnung an die Mitglieder des Abgeordnetenhauses die Zustimmung verweigert."
59,Zum Schadensausgleich verpflichtende Tatbestände,P59-A1,1,Erleidet jemand
59,Zum Schadensausgleich verpflichtende Tatbestände,,,"infolge einer rechtmäßigen Inanspruchnahme nach § 16,"
59,Zum Schadensausgleich verpflichtende Tatbestände,,,"als unbeteiligter Dritter durch eine rechtmäßige Maßnahme der Ordnungsbehörde oder der Polizei,"
59,Zum Schadensausgleich verpflichtende Tatbestände,,,bei der Erfüllung einer ihm nach § 323c des Strafgesetzbuches obliegenden Verpflichtung zur Hilfeleistung
59,Zum Schadensausgleich verpflichtende Tatbestände,,,"einen Schaden, ist ihm ein angemessener Ausgleich zu gewähren."
59,Zum Schadensausgleich verpflichtende Tatbestände,P59-A2,2,"Das Gleiche gilt, wenn jemand durch eine rechtswidrige Maßnahme einen Schaden erleidet."
59,Zum Schadensausgleich verpflichtende Tatbestände,P59-A3,3,"Der Ausgleich ist auch Personen zu gewähren, die mit Zustimmung der Ordnungsbehörden oder der Polizei bei der Wahrnehmung von Aufgaben dieser Behörden freiwillig mitgewirkt oder Sachen zur Verfügung gestellt und dadurch einen Schaden erlitten haben."
59,Zum Schadensausgleich verpflichtende Tatbestände,P59-A4,4,"Weitergehende Ersatzansprüche, insbesondere aus Amtspflichtverletzung, bleiben unberührt."
60,"Inhalt, Art und Umfang des Schadensausgleichs",P60-A1,1,"Der Ausgleich nach § 59 wird grundsätzlich nur für Vermögensschaden gewährt. Für entgangenen Gewinn, der über den Ausfall des gewöhnlichen Verdienstes oder Nutzungsentgeltes hinausgeht, und für Nachteile, die nicht in unmittelbarem Zusammenhang mit der Maßnahme der Ordnungsbehörde oder der Polizei stehen, ist ein Ausgleich zu gewähren, wenn und soweit dies zur Abwendung unbilliger Härten geboten erscheint."
60,"Inhalt, Art und Umfang des Schadensausgleichs",P60-A2,2,"Bei einer Verletzung des Körpers oder der Gesundheit oder bei einer Freiheitsentziehung ist auch der Schaden, der nicht Vermögensschaden ist, angemessen auszugleichen; dieser Anspruch ist nicht übertragbar und nicht vererblich, es sei denn, dass er rechtshängig geworden oder durch Vertrag anerkannt worden ist."
60,"Inhalt, Art und Umfang des Schadensausgleichs",P60-A3,3,"Der Ausgleich wird in Geld gewährt. Hat die zum Ausgleich verpflichtende Maßnahme die Aufhebung oder Minderung der Erwerbsfähigkeit oder eine Vermehrung der Bedürfnisse oder den Verlust oder die Beeinträchtigung eines Rechts auf Unterhalt zur Folge, so ist der Ausgleich durch Entrichtung einer Rente zu gewähren. § 760 des Bürgerlichen Gesetzbuches ist anzuwenden. Statt der Rente kann eine Abfindung in Kapital verlangt werden, wenn ein wichtiger Grund vorliegt. Der Anspruch wird nicht dadurch ausgeschlossen, dass ein anderer dem Geschädigten Unterhalt zu gewähren hat."
60,"Inhalt, Art und Umfang des Schadensausgleichs",P60-A4,4,"Stehen dem Geschädigten Ansprüche gegen Dritte zu, so ist, soweit diese Ansprüche nach Inhalt und Umfang dem Ausgleichsanspruch entsprechen, der Ausgleich nur gegen Abtretung dieser Ansprüche zu gewähren."
60,"Inhalt, Art und Umfang des Schadensausgleichs",P60-A5,5,"Bei der Bemessung des Ausgleichs sind alle Umstände zu berücksichtigen, insbesondere Art und Vorhersehbarkeit des Schadens und ob der Geschädigte oder sein Vermögen durch die Maßnahme der Ordnungsbehörde oder der Polizei geschützt worden ist. Haben Umstände, die der Geschädigte zu vertreten hat, auf die Entstehung oder Ausweitung des Schadens eingewirkt, so hängt die Verpflichtung zum Ausgleich sowie der Umfang des Ausgleichs insbesondere davon ab, inwieweit der Schaden vorwiegend von dem Geschädigten oder durch die Ordnungsbehörde oder die Polizei verursacht worden ist."
61,Ansprüche mittelbar Geschädigter,P61-A1,1,"Im Falle der Tötung sind im Rahmen des § 60 Abs. 5 die Kosten der Bestattung demjenigen auszugleichen, dem die Verpflichtung obliegt, diese Kosten zu tragen."
61,Ansprüche mittelbar Geschädigter,P61-A2,2,"Stand der Getötete zur Zeit der Verletzung zu einem Dritten in einem Verhältnis, auf Grund dessen er diesem gegenüber kraft Gesetzes unterhaltspflichtig war oder unterhaltspflichtig werden konnte, und ist dem Dritten infolge der Tötung das Recht auf Unterhalt entzogen, so kann der Dritte im Rahmen des § 60 Abs. 5 insoweit einen angemessenen Ausgleich verlangen, als der Getötete während der mutmaßlichen Dauer seines Lebens zur Gewährung des Unterhalts verpflichtet gewesen wäre. § 60 Abs. 3 Satz 3 bis 5 ist entsprechend anzuwenden. Der Ausgleich kann auch dann verlangt werden, wenn der Dritte zur Zeit der Verletzung gezeugt, aber noch nicht geboren war."
62,Verjährung des Ausgleichsanspruchs,P62-A1,,"Der Anspruch auf den Ausgleich verjährt in drei Jahren von dem Zeitpunkt an, in welchem der Geschädigte, im Falle des § 61 der Anspruchsberechtigte, von dem Schaden und dem zum Ausgleich Verpflichteten Kenntnis erlangt, ohne Rücksicht auf diese Kenntnis in dreißig Jahren von dem Eintritt des schädigenden Ereignisses an."
63,"Ausgleichspflichtiger, Erstattungsansprüche",P63-A1,1,"Ausgleichspflichtig ist die Körperschaft, in deren Dienst derjenige steht, der die Maßnahme getroffen hat (Anstellungskörperschaft)."
63,"Ausgleichspflichtiger, Erstattungsansprüche",P63-A2,2,"Hat der Bedienstete für die Behörde einer anderen Körperschaft gehandelt, so ist die andere Körperschaft ausgleichspflichtig."
63,"Ausgleichspflichtiger, Erstattungsansprüche",P63-A3,3,"Ist in den Fällen des Absatzes 2 ein Ausgleich nur wegen der Art und Weise der Durchführung der Maßnahme zu gewähren, so kann die ausgleichspflichtige Körperschaft von der Anstellungskörperschaft Erstattung ihrer Aufwendungen verlangen, es sei denn, dass sie selbst die Verantwortung für die Art und Weise der Durchführung trägt."
64,Rückgriff gegen den Verantwortlichen,P64-A1,1,"Die nach § 63 ausgleichspflichtige Körperschaft kann von den nach den §§ 13 oder 14 Verantwortlichen Ersatz ihrer Aufwendungen verlangen, wenn sie aufgrund des § 59 Abs. 1 oder Abs. 3 einen Ausgleich gewährt hat."
64,Rückgriff gegen den Verantwortlichen,P64-A2,2,"Sind mehrere Personen nebeneinander verantwortlich, so haften sie als Gesamtschuldner."
64a,Entschädigung,P64a-A1,1,"Für die Entschädigung von Personen, die auf Vorladung als Zeugen erscheinen oder die als Sachverständige herangezogen werden, gilt das Justizvergütungs- und -entschädigungsgesetz entsprechend."
64a,Entschädigung,P64a-A2,2,"Anbieter von Telekommunikationsdiensten und Anbieter von digitalen Diensten, die nach den Vorschriften dieses Gesetzes zu Maßnahmen verpflichtet oder zur Auskunft über Daten herangezogen werden, erhalten Entschädigung nach Maßgabe von § 23 des Justizvergütungs- und -entschädigungsgesetzes."
65,"Zuständigkeit und Verfahren bei gerichtlichen Anordnungen, Maßnahmen und sonstigen gerichtlichen Entscheidungen",P65-A1,1,"Vorbehaltlich des Absatzes 2 und soweit dieses Gesetz nichts Abweichendes bestimmt, ist für eine nach diesem Gesetz vorgesehene"
65,"Zuständigkeit und Verfahren bei gerichtlichen Anordnungen, Maßnahmen und sonstigen gerichtlichen Entscheidungen",,,"gerichtliche Anordnung polizeilicher Maßnahmen,"
65,"Zuständigkeit und Verfahren bei gerichtlichen Anordnungen, Maßnahmen und sonstigen gerichtlichen Entscheidungen",,,gerichtliche Bestätigung der polizeilichen Anordnung einer Maßnahme wegen Gefahr im Verzug und
65,"Zuständigkeit und Verfahren bei gerichtlichen Anordnungen, Maßnahmen und sonstigen gerichtlichen Entscheidungen",,,sonstige gerichtliche Entscheidung
65,"Zuständigkeit und Verfahren bei gerichtlichen Anordnungen, Maßnahmen und sonstigen gerichtlichen Entscheidungen",,,das Amtsgericht Tiergarten zuständig.
65,"Zuständigkeit und Verfahren bei gerichtlichen Anordnungen, Maßnahmen und sonstigen gerichtlichen Entscheidungen",P65-A2,2,"Für die in § 25b Absatz 3 und 5 sowie § 26b Absatz 6 und 8 vorgesehenen gerichtlichen Anordnungen, Bestätigungen und sonstigen Entscheidungen ist die in § 74a Absatz 4 des Gerichtsverfassungsgesetzes genannte Strafkammer des Landgerichts Berlin I zuständig. § 120 Absatz 4 des Gerichtsverfassungsgesetzes gilt entsprechend."
65,"Zuständigkeit und Verfahren bei gerichtlichen Anordnungen, Maßnahmen und sonstigen gerichtlichen Entscheidungen",P65-A3,3,Für Verfahren nach den Absätzen 1 und 2 einschließlich etwaiger Kostenentscheidungen gelten die Vorschriften des Gesetzes über das Verfahren in Familiensachen und in den Angelegenheiten der freiwilligen Gerichtsbarkeit entsprechend.
65a,"Rechtsweg bei Schadensausgleich, Entschädigung, Erstattung und Ersatz von Aufwendungen",P65a-A1,,"Für Ansprüche auf Schadensausgleich und Entschädigung ist der ordentliche Rechtsweg, für Ansprüche auf Erstattung und Ersatz von Aufwendungen nach § 63 oder § 64 ist der Verwaltungsrechtsweg gegeben."
65b,Strafvorschrift,P65b-A1,1,"Mit Freiheitsstrafe bis zu zwei Jahren oder mit Geldstrafe wird bestraft, wer einer vollstreckbaren gerichtlichen Anordnung nach § 29b Absatz 4 Satz 1 oder einer vollziehbaren Anordnung nach § 29b Absatz 4 Satz 3 zuwiderhandelt und dadurch die ununterbrochene Feststellung ihres oder seines Aufenthaltsortes verhindert."
65b,Strafvorschrift,P65b-A2,2,"Bei Anordnungen nach § 29b Absatz 4 Satz 3 entfällt die Strafbarkeit, wenn die Anordnung nicht gerichtlich bestätigt wird."
65b,Strafvorschrift,P65b-A3,3,Die Tat wird nur auf Antrag der Polizeipräsidentin oder des Polizeipräsidenten oder der Vertretung im Amt verfolgt. § 29b Absatz 4 Satz 9 gilt entsprechend.
65c,Bußgeldvorschriften,P65c-A1,1,"Ordnungswidrig handelt, wer vorsätzlich oder fahrlässig"
65c,Bußgeldvorschriften,,,"einer vollziehbaren Anordnung nach § 29, § 29a Absatz 1 bis 3 oder § 29c Satz 1 zuwiderhandelt und dadurch den Zweck der Anordnung gefährdet,"
65c,Bußgeldvorschriften,,,den Beschränkungen und Verboten einer nach § 37b Absatz 1 erlassenen Allgemeinverfügung zuwiderhandelt oder
65c,Bußgeldvorschriften,,,"entgegen § 45a Absatz 9 Satz 3 eine Person, der es an der hierfür erforderlichen Zuverlässigkeit fehlt oder die in eine Zuverlässigkeitsüberprüfung nicht eingewilligt hat, zu einer Veranstaltung nach § 45a Absatz 2 Nummer 1 zulässt."
65c,Bußgeldvorschriften,P65c-A2,2,"Die Ordnungswidrigkeit kann in den Fällen von Absatz 1 Nummer 1 und 3 mit einer Geldbuße von bis zu fünftausend Euro, im Falle von Absatz 1 Nummer 2 mit einer Geldbuße von bis zu fünfhundert Euro geahndet werden."
65c,Bußgeldvorschriften,P65c-A3,3,"Zuständige Verwaltungsbehörde im Sinne von § 36 Absatz 1 Nummer 1 des Gesetzes über Ordnungswidrigkeiten ist in den Fällen des Absatzes 1 Nummer 1 und 2 die Behörde, die die Anordnung erlassen hat, im Falle des Absatzes 1 Nummer 3 die Polizei."
66,Einschränkung von Grundrechten,P66-A1,,"Durch dieses Gesetz werden die Grundrechte auf Freiheit der Person (Artikel 2 Absatz 2 Satz 2 des Grundgesetzes), der körperlichen Unversehrtheit (Artikel 2 Absatz 2 Satz 1 des Grundgesetzes), des Fernmeldegeheimnisses (Artikel 10 Absatz 1 des Grundgesetzes), der Freizügigkeit (Artikel 11 des Grundgesetzes) und der Unverletzlichkeit der Wohnung (Artikel 13 des Grundgesetzes) eingeschränkt."
67,Zuständigkeit für den Erlass des Widerspruchsbescheids; Nachprüfung straßenverkehrsbehördlicher Verwaltungsakte im Widerspruchsverfahren,P67-A1,1,"Über den Widerspruch gegen einen der Anfechtung nach den §§ 68 ff. der Verwaltungsgerichtsordnung unterliegenden Verwaltungsakt einer Sonderbehörde oder der Polizei entscheidet deren Leiter oder eine von ihm dafür bestimmte, ihm unmittelbar zugeordnete Stelle. Über den Widerspruch gegen einen Verwaltungsakt der Bezirksverwaltung entscheidet das Bezirksamt oder das von ihm dafür bestimmte Mitglied, sofern dieses Mitglied nicht selbst den Verwaltungsakt erlassen hat."
67,Zuständigkeit für den Erlass des Widerspruchsbescheids; Nachprüfung straßenverkehrsbehördlicher Verwaltungsakte im Widerspruchsverfahren,P67-A2,2,"Gegen einen Verwaltungsakt der Straßenverkehrsbehörde ist der Widerspruch nach den §§ 68 ff. der Verwaltungsgerichtsordnung auch dann zulässig, wenn der Verwaltungsakt nach Nummer 11 Absatz 3 oder Absatz 4 der Anlage zu diesem Gesetz (Zuständigkeitskatalog Ordnungsaufgaben) von der für Verkehr zuständigen Senatsverwaltung erlassen worden ist. In diesem Fall entscheidet die für Verkehr zuständige Senatsverwaltung auch über den Widerspruch."
68,Zuständigkeit zum Erlass von Verwaltungsvorschriften,P68-A1,,"Die Verwaltungsvorschriften zur Ausführung dieses Gesetzes erlässt die für Inneres zuständige Senatsverwaltung im Einvernehmen mit den zuständigen Senatsverwaltungen, wenn die Vorschriften den Geschäftsbereich mehrerer Senatsverwaltungen betreffen. Die Verwaltungsvorschriften zur Ausführung dieses Gesetzes erlässt die zuständige Senatsverwaltung im Einvernehmen mit der für Inneres zuständigen Senatsverwaltung, wenn die Vorschriften nur den Geschäftsbereich der zuständigen Senatsverwaltung betreffen."
69,Übergangsregelung aus Anlass des Gesetzes zur Reform des Berliner Polizei- und Ordnungsrechts und zur Änderung des Gesetzes zu Artikel 29 der Verfassung von Berlin,P69-A1,1,"Orte im Sinne von § 21 Absatz 4 Satz 1 dieses Gesetzes in der bis zum Ablauf des 23. Dezember 2025 geltenden Fassung gelten bis zum Ablauf des 30. Juni 2026 als kriminalitätsbelastete Orte im Sinne von § 17a, sofern die Polizei die ab dem 24. Dezember 2025 geltende genaue räumliche Abgrenzung dieser Orte bis zum Ablauf des 31. Januar 2026 im Internet veröffentlicht. § 17a Absatz 3 gilt für diese Orte bis zum Ablauf des 30. Juni 2026 nicht."
69,Übergangsregelung aus Anlass des Gesetzes zur Reform des Berliner Polizei- und Ordnungsrechts und zur Änderung des Gesetzes zu Artikel 29 der Verfassung von Berlin,P69-A2,2,"Auf bis zum Ablauf des 24. Dezember 2025 angeordnete und begonnene Maßnahmen nach den §§ 24d, 25 bis 26 sowie nach den §§ 27 und 47 finden bis zum Ablauf ihrer Anordnungsdauer, längstens bis zum Ablauf des 31. März 2026, vorbehaltlich des Satzes 2 die bis zum Ablauf des 23. Dezember 2025 geltenden Vorschriften dieses Gesetzes weiter Anwendung. § 25b Absatz 5 sowie die §§ 27a und 27f finden ab dem 24. Dezember 2025 Anwendung."
69,Übergangsregelung aus Anlass des Gesetzes zur Reform des Berliner Polizei- und Ordnungsrechts und zur Änderung des Gesetzes zu Artikel 29 der Verfassung von Berlin,P69-A3,3,"Auf bis zum Ablauf des 23. Dezember 2025 gespeicherte personenbezogene Daten findet § 42 Absatz 4 mit der Maßgabe Anwendung, dass der Lauf der Zweijahresfrist nach § 42 Absatz 4 Satz 2 Nummer 2 mit dem 24. Dezember 2025 beginnt."
69,Übergangsregelung aus Anlass des Gesetzes zur Reform des Berliner Polizei- und Ordnungsrechts und zur Änderung des Gesetzes zu Artikel 29 der Verfassung von Berlin,P69-A4,4,"Auf bis zum Ablauf des 23. Dezember 2025 erhobene personenbezogene Daten findet § 42b Absatz 2 bis zum Ablauf des 1. Januar 2026 nur soweit Anwendung, wie dieser in Verbindung mit § 42b Absatz 4 die Weiterverarbeitung nach § 42d von nicht nach § 42b Absatz 1 gekennzeichneten personenbezogenen Daten untersagt."
71,Inkrafttreten und Außerkrafttreten von Vorschriften,P71-A1,,Dieses Gesetz tritt am Tage nach der Verkündung im Gesetz- und Verordnungsblatt für Berlin in Kraft. *)
71,Inkrafttreten und Außerkrafttreten von Vorschriften,,,Die Vorschrift betrifft das Inkrafttreten des Gesetzes in der ursprünglichen Fassung des Gesetzes vom 14. April 1992 (GVBl. 119)
